,R1,R2,R3,R4,R5,R6,R7,R8,R9,R10
0,"(0, 0)","(0, 0)","(0, 0)","(0, 0)","(0, 0)","(0, 0)","(0, 0)","(0, 0)","(0, 0)","(0, 0)"
1,"[22.75, 13.5]","[44.25, 22.5]","[20.75, 9.0]","[39.0, 9.0]","[42.25, 18.0]","[41.0, 21.0]","[41.0, 19.5]","(0, 0)","[24, 12.0]","[26, 6.0]"
2,"[20.75, 22.5]","[44.25, 15.0]","[20.75, 12.0]","[41.0, 10.5]","[44.25, 13.5]","[41.0, 15.0]","[41.0, 15.0]","[28.0, 6.0]","[24, 9.0]","[28.0, 12.0]"
3,"[35.75, 21.0]","[47.5, 18.0]","[20.75, 18.0]","[41.0, 15.0]","[45.5, 22.5]","[41.0, 10.5]","[32.5, 18.0]","(0, 0)","(0, 0)","[32.5, 18.0]"
4,"[35.75, 13.5]","[42.25, 13.5]","[20.75, 19.5]","[41.0, 22.5]","[47.5, 19.5]","[37.75, 10.5]","[26, 19.5]","(0, 0)","[15.25, 10.5]","[37.75, 21.0]"
5,"[41.0, 19.5]","[42.25, 12.0]","[19.5, 19.5]","[42.25, 18.0]","[50.75, 9.0]","[34.5, 12.0]","(0, 0)","(0, 0)","[20.75, 22.5]","[41.0, 15.0]"
6,"[45.5, 18.0]","[34.5, 9.0]","[19.5, 21.0]","[42.25, 16.5]","[41.0, 10.5]","[32.5, 10.5]","[28.0, 6.0]","[19.5, 16.5]","[35.75, 13.5]","[45.5, 15.0]"
7,"[45.5, 13.5]","[22.75, 12.0]","[22.75, 13.5]","[42.25, 15.0]","[41.0, 13.5]","[24, 10.5]","[35.75, 12.0]","[19.5, 18.0]","[47.5, 22.5]","[52.0, 13.5]"
8,"[47.5, 10.5]","[20.75, 9.0]","[35.75, 13.5]","[52.0, 13.5]","[39.0, 18.0]","(0, 0)","[47.5, 10.5]","[20.75, 22.5]","[48.75, 12.0]","[20.75, 18.0]"
9,"[42.25, 12.0]","(0, 0)","[44.25, 19.5]","[47.5, 10.5]","[22.75, 18.0]","[22.75, 13.5]","[42.25, 12.0]","[20.75, 21.0]","[50.75, 9.0]","(0, 0)"
10,"[26, 6.0]","[15.25, 10.5]","[47.5, 10.5]","[19.5, 21.0]","[22.75, 13.5]","[41.0, 21.0]","[41.0, 19.5]","[20.75, 16.5]","[44.25, 9.0]","[26, 6.0]"
11,"(0, 0)","[39.0, 12.0]","[32.5, 10.5]","[22.75, 16.5]","[20.75, 12.0]","(0, 0)","(0, 0)","[22.75, 6.0]","[24, 12.0]","(0, 0)"
12,"[22.75, 13.5]","[44.25, 22.5]","[15.25, 9.0]","(0, 0)","(0, 0)","(0, 0)","(0, 0)","(0, 0)","(0, 0)","(0, 0)"
13,"(0, 0)","(0, 0)","(0, 0)","[39.0, 9.0]","[24, 12.0]","[26, 6.0]","[34.5, 19.5]","[15.25, 9.0]","(0, 0)","[19.5, 10.5]"
14,"(0, 0)","(0, 0)","[20.75, 9.0]","(0, 0)","[42.25, 18.0]","[22.75, 13.5]","[35.75, 22.5]","[19.5, 16.5]","(0, 0)","[19.5, 16.5]"
15,"[47.5, 10.5]","[20.75, 12.0]","(0, 0)","(0, 0)","(0, 0)","[22.75, 15.0]","[44.25, 12.0]","(0, 0)","[20.75, 16.5]","[22.75, 15.0]"
16,"[47.5, 19.5]","[20.75, 13.5]","(0, 0)","(0, 0)","(0, 0)","[22.75, 19.5]","[47.5, 9.0]","(0, 0)","(0, 0)","[24, 12.0]"
17,"[44.25, 15.0]","[20.75, 16.5]","[20.75, 12.0]","[20.75, 16.5]","[22.75, 12.0]","[24, 16.5]","(0, 0)","[45.5, 22.5]","(0, 0)","[20.75, 22.5]"
18,"[42.25, 16.5]","[20.75, 22.5]","[20.75, 16.5]","(0, 0)","[24, 9.0]","[19.5, 18.0]","[34.5, 19.5]","[31.25, 16.5]","(0, 0)","[20.75, 16.5]"
19,"[39.0, 12.0]","[19.5, 21.0]","[20.75, 22.5]","(0, 0)","[24, 16.5]","[20.75, 12.0]","(0, 0)","[24, 19.5]","[22.75, 13.5]","[20.75, 10.5]"
20,"[24, 6.0]","[24, 16.5]","[19.5, 19.5]","(0, 0)","[28.0, 18.0]","(0, 0)","(0, 0)","[24, 10.5]","[22.75, 18.0]","(0, 0)"
21,"[22.75, 10.5]","[24, 13.5]","[22.75, 21.0]","[45.5, 15.0]","[32.5, 21.0]","[50.75, 9.0]","[22.75, 15.0]","[20.75, 9.0]","[24, 21.0]","[19.5, 10.5]"
22,"[22.75, 15.0]","[24, 10.5]","[22.75, 13.5]","[35.75, 21.0]","[37.75, 19.5]","[50.75, 10.5]","[19.5, 21.0]","[20.75, 6.0]","[24, 10.5]","(0, 0)"
23,"[20.75, 12.0]","[26, 6.0]","[22.75, 12.0]","[39.0, 13.5]","[45.5, 15.0]","[52.0, 9.0]","[15.25, 21.0]","(0, 0)","[26, 6.0]","(0, 0)"
24,"(0, 0)","[47.5, 9.0]","[24, 13.5]","(0, 0)","[19.5, 21.0]","[26, 6.0]","[15.25, 10.5]","[19.5, 9.0]","[52.0, 13.5]","(0, 0)"
25,"[47.5, 10.5]","(0, 0)","[45.5, 15.0]","[45.5, 15.0]","[20.75, 22.5]","(0, 0)","(0, 0)","[19.5, 21.0]","[32.5, 15.0]","[20.75, 18.0]"
26,"(0, 0)","[20.75, 12.0]","[45.5, 19.5]","(0, 0)","[20.75, 12.0]","(0, 0)","[20.75, 9.0]","[22.75, 16.5]","[20.75, 15.0]","[41.0, 22.5]"
27,"(0, 0)","(0, 0)","[47.5, 21.0]","(0, 0)","[19.5, 6.0]","[20.75, 9.0]","[24, 13.5]","[29.25, 13.5]","(0, 0)","[44.25, 21.0]"
28,"[24, 21.0]","(0, 0)","[52.0, 13.5]","[28.0, 15.0]","(0, 0)","[20.75, 10.5]","[35.75, 21.0]","[39.0, 9.0]","[22.75, 13.5]","(0, 0)"
29,"(0, 0)","[35.75, 16.5]","[48.75, 10.5]","[32.5, 21.0]","[22.75, 12.0]","[20.75, 12.0]","[44.25, 12.0]","[45.5, 22.5]","(0, 0)","(0, 0)"
30,"[24, 21.0]","[41.0, 10.5]","[35.75, 9.0]","[44.25, 21.0]","(0, 0)","[20.75, 13.5]","[31.25, 16.5]","(0, 0)","(0, 0)","(0, 0)"
31,"(0, 0)","[52.0, 6.0]","(0, 0)","[47.5, 19.5]","(0, 0)","[19.5, 21.0]","[22.75, 15.0]","(0, 0)","[22.75, 12.0]","[24, 10.5]"
32,"(0, 0)","(0, 0)","[20.75, 12.0]","[52.0, 12.0]","[41.0, 10.5]","[41.0, 18.0]","(0, 0)","[22.75, 19.5]","[22.75, 21.0]","[26, 6.0]"
33,"[26, 15.0]","[19.5, 10.5]","(0, 0)","[41.0, 10.5]","[41.0, 13.5]","[34.5, 12.0]","(0, 0)","[22.75, 13.5]","[24, 16.5]","[44.25, 9.0]"
34,"[26, 22.5]","[20.75, 22.5]","(0, 0)","[24, 6.0]","[52.0, 13.5]","[22.75, 6.0]","[47.5, 6.0]","[24, 18.0]","[24, 18.0]","[41.0, 13.5]"
35,"[24, 21.0]","[20.75, 18.0]","[19.5, 10.5]","[20.75, 9.0]","[32.5, 21.0]","[22.75, 10.5]","(0, 0)","[24, 9.0]","[45.5, 18.0]","[37.75, 13.5]"
36,"[24, 10.5]","[22.75, 13.5]","[19.5, 12.0]","(0, 0)","[26, 15.0]","[22.75, 12.0]","[20.75, 12.0]","[31.25, 13.5]","[45.5, 22.5]","[20.75, 21.0]"
37,"[24, 6.0]","[24, 10.5]","[19.5, 18.0]","[28.0, 15.0]","[24, 19.5]","(0, 0)","[20.75, 13.5]","[35.75, 19.5]","[41.0, 15.0]","[22.75, 13.5]"
38,"[22.75, 13.5]","[24, 12.0]","[24, 16.5]","(0, 0)","[24, 9.0]","[20.75, 9.0]","[32.5, 18.0]","[34.5, 12.0]","[41.0, 13.5]","[22.75, 12.0]"
39,"[22.75, 15.0]","[24, 19.5]","[31.25, 19.5]","(0, 0)","(0, 0)","(0, 0)","[47.5, 6.0]","[41.0, 10.5]","[41.0, 10.5]","(0, 0)"
40,"[22.75, 21.0]","[35.75, 16.5]","[41.0, 13.5]","(0, 0)","[28.0, 12.0]","(0, 0)","(0, 0)","(0, 0)","[39.0, 9.0]","[15.25, 10.5]"
41,"[19.5, 21.0]","(0, 0)","[47.5, 18.0]","[19.5, 12.0]","[34.5, 12.0]","(0, 0)","(0, 0)","[15.25, 10.5]","(0, 0)","[24, 10.5]"
42,"[20.75, 18.0]","(0, 0)","[47.5, 10.5]","[19.5, 21.0]","[41.0, 10.5]","[20.75, 9.0]","[19.5, 21.0]","[19.5, 18.0]","[22.75, 12.0]","(0, 0)"
43,"[20.75, 9.0]","[22.75, 15.0]","[47.5, 6.0]","[15.25, 21.0]","(0, 0)","[26, 6.0]","[19.5, 16.5]","[22.75, 19.5]","(0, 0)","(0, 0)"
44,"(0, 0)","[24, 21.0]","[48.75, 12.0]","[22.75, 13.5]","(0, 0)","[37.75, 6.0]","[20.75, 21.0]","(0, 0)","(0, 0)","(0, 0)"
45,"[37.75, 10.5]","[26, 15.0]","[22.75, 10.5]","[24, 19.5]","[22.75, 6.0]","[39.0, 9.0]","[22.75, 13.5]","(0, 0)","(0, 0)","[31.25, 6.0]"
46,"[47.5, 10.5]","[28.0, 18.0]","(0, 0)","[31.25, 19.5]","[24, 9.0]","[41.0, 10.5]","[22.75, 12.0]","[37.75, 18.0]","[26, 6.0]","[45.5, 12.0]"
47,"[31.25, 12.0]","[41.0, 19.5]","[19.5, 10.5]","[48.75, 12.0]","[31.25, 16.5]","[24, 21.0]","(0, 0)","[37.75, 13.5]","[37.75, 13.5]","[45.5, 13.5]"
48,"[26, 15.0]","[52.0, 13.5]","(0, 0)","[26, 6.0]","[45.5, 16.5]","[24, 9.0]","[24, 12.0]","[35.75, 13.5]","[24, 15.0]","[45.5, 22.5]"
49,"(0, 0)","[42.25, 6.0]","(0, 0)","[20.75, 6.0]","[15.25, 21.0]","(0, 0)","[24, 13.5]","[35.75, 21.0]","(0, 0)","[41.0, 16.5]"
50,"(0, 0)","[32.5, 6.0]","[47.5, 10.5]","(0, 0)","(0, 0)","(0, 0)","[24, 19.5]","[28.0, 18.0]","(0, 0)","[41.0, 15.0]"
51,"[47.5, 22.5]","[24, 6.0]","[47.5, 19.5]","(0, 0)","[22.75, 6.0]","(0, 0)","[24, 21.0]","[24, 13.5]","(0, 0)","[35.75, 22.5]"
52,"[24, 19.5]","(0, 0)","[52.0, 13.5]","(0, 0)","(0, 0)","[20.75, 13.5]","[45.5, 13.5]","[24, 10.5]","[22.75, 12.0]","[19.5, 21.0]"
53,"[24, 16.5]","[20.75, 9.0]","[39.0, 16.5]","[44.25, 10.5]","(0, 0)","[20.75, 12.0]","[19.5, 21.0]","[22.75, 6.0]","[19.5, 21.0]","[22.75, 13.5]"
54,"[24, 13.5]","[20.75, 13.5]","[24, 21.0]","[44.25, 19.5]","[47.5, 21.0]","(0, 0)","(0, 0)","[22.75, 12.0]","[24, 18.0]","(0, 0)"
55,"[22.75, 15.0]","[22.75, 15.0]","[24, 19.5]","[45.5, 12.0]","[45.5, 19.5]","[22.75, 12.0]","(0, 0)","[22.75, 15.0]","[26, 15.0]","(0, 0)"
56,"[22.75, 12.0]","(0, 0)","[24, 18.0]","[45.5, 13.5]","[35.75, 19.5]","[24, 12.0]","[41.0, 15.0]","[22.75, 21.0]","[37.75, 19.5]","(0, 0)"
57,"[22.75, 10.5]","(0, 0)","[22.75, 15.0]","[42.25, 15.0]","[22.75, 15.0]","[47.5, 9.0]","[29.25, 13.5]","[19.5, 21.0]","[47.5, 21.0]","[34.5, 12.0]"
58,"[22.75, 6.0]","[24, 19.5]","[20.75, 13.5]","[37.75, 15.0]","[22.75, 13.5]","[47.5, 10.5]","(0, 0)","[15.25, 10.5]","[44.25, 6.0]","[34.5, 18.0]"
59,"(0, 0)","[24, 18.0]","[20.75, 9.0]","[24, 19.5]","[24, 21.0]","[48.75, 6.0]","[15.25, 10.5]","[15.25, 6.0]","[42.25, 6.0]","[47.5, 21.0]"
60,"[20.75, 6.0]","[24, 10.5]","(0, 0)","[24, 16.5]","[24, 16.5]","[50.75, 10.5]","[22.75, 15.0]","(0, 0)","[34.5, 12.0]","[22.75, 10.5]"
61,"[20.75, 9.0]","[28.0, 9.0]","[28.0, 12.0]","[24, 12.0]","[24, 9.0]","[44.25, 19.5]","[41.0, 15.0]","[20.75, 12.0]","[28.0, 9.0]","(0, 0)"
62,"[20.75, 16.5]","[44.25, 10.5]","[47.5, 10.5]","[20.75, 6.0]","[20.75, 9.0]","[41.0, 15.0]","(0, 0)","[39.0, 9.0]","(0, 0)","[31.25, 6.0]"
63,"[19.5, 21.0]","[45.5, 22.5]","(0, 0)","(0, 0)","(0, 0)","[20.75, 13.5]","(0, 0)","[52.0, 13.5]","[22.75, 12.0]","[34.5, 12.0]"
64,"[19.5, 15.0]","[26, 18.0]","(0, 0)","[44.25, 10.5]","[32.5, 10.5]","(0, 0)","[22.75, 13.5]","[37.75, 18.0]","(0, 0)","(0, 0)"
65,"[32.5, 21.0]","[19.5, 21.0]","[24, 9.0]","(0, 0)","[37.75, 21.0]","(0, 0)","[22.75, 15.0]","(0, 0)","(0, 0)","(0, 0)"
66,"[47.5, 22.5]","[15.25, 10.5]","(0, 0)","(0, 0)","[47.5, 21.0]","[22.75, 10.5]","[19.5, 21.0]","(0, 0)","[24, 15.0]","[42.25, 16.5]"
67,"(0, 0)","(0, 0)","[24, 9.0]","[32.5, 12.0]","(0, 0)","(0, 0)","[35.75, 21.0]","[19.5, 21.0]","[24, 18.0]","[45.5, 16.5]"
68,"(0, 0)","[22.75, 12.0]","(0, 0)","[35.75, 22.5]","(0, 0)","[22.75, 10.5]","[39.0, 16.5]","[26, 6.0]","[35.75, 13.5]","[47.5, 19.5]"
69,"[41.0, 19.5]","[24, 19.5]","(0, 0)","[35.75, 21.0]","[24, 10.5]","(0, 0)","[41.0, 15.0]","(0, 0)","[19.5, 21.0]","[47.5, 10.5]"
70,"[41.0, 22.5]","(0, 0)","[31.25, 22.5]","[20.75, 9.0]","[24, 12.0]","(0, 0)","[44.25, 22.5]","[19.5, 21.0]","[19.5, 12.0]","[44.25, 12.0]"
71,"[45.5, 22.5]","(0, 0)","[31.25, 21.0]","(0, 0)","[24, 16.5]","[31.25, 16.5]","[44.25, 16.5]","(0, 0)","[15.25, 9.0]","[41.0, 16.5]"
72,"[45.5, 10.5]","[20.75, 9.0]","[24, 16.5]","[32.5, 12.0]","[26, 21.0]","[35.75, 22.5]","[45.5, 21.0]","(0, 0)","(0, 0)","[41.0, 9.0]"
73,"[34.5, 12.0]","[20.75, 6.0]","[24, 13.5]","(0, 0)","[26, 19.5]","[37.75, 21.0]","[45.5, 19.5]","[22.75, 6.0]","[20.75, 12.0]","(0, 0)"
74,"[31.25, 6.0]","(0, 0)","[19.5, 21.0]","(0, 0)","[26, 16.5]","[24, 19.5]","[47.5, 12.0]","[22.75, 10.5]","[22.75, 12.0]","[22.75, 13.5]"
75,"[24, 6.0]","[19.5, 16.5]","[22.75, 16.5]","[41.0, 22.5]","[39.0, 18.0]","[24, 16.5]","[26, 6.0]","[24, 6.0]","[22.75, 15.0]","[22.75, 21.0]"
76,"(0, 0)","[26, 18.0]","[22.75, 10.5]","[37.75, 21.0]","[41.0, 15.0]","[22.75, 15.0]","[24, 9.0]","[24, 18.0]","[22.75, 16.5]","[19.5, 21.0]"
77,"[22.75, 13.5]","[28.0, 22.5]","[20.75, 9.0]","[32.5, 21.0]","[22.75, 13.5]","[19.5, 21.0]","(0, 0)","[19.5, 21.0]","[24, 15.0]","[26, 15.0]"
78,"[19.5, 21.0]","[47.5, 16.5]","(0, 0)","[26, 13.5]","[19.5, 21.0]","[19.5, 13.5]","[20.75, 9.0]","[19.5, 18.0]","(0, 0)","[42.25, 16.5]"
79,"[24, 21.0]","[45.5, 10.5]","[26, 10.5]","[26, 10.5]","[20.75, 16.5]","(0, 0)","[22.75, 13.5]","[26, 21.0]","(0, 0)","(0, 0)"
80,"[41.0, 19.5]","[44.25, 10.5]","[41.0, 12.0]","[24, 6.0]","[20.75, 12.0]","[26, 6.0]","(0, 0)","[28.0, 15.0]","[29.25, 13.5]","(0, 0)"
81,"(0, 0)","[42.25, 12.0]","[44.25, 9.0]","[24, 13.5]","[20.75, 9.0]","[31.25, 16.5]","(0, 0)","[34.5, 9.0]","[24, 21.0]","[22.75, 12.0]"
82,"(0, 0)","[20.75, 9.0]","[44.25, 21.0]","[24, 16.5]","[15.25, 9.0]","(0, 0)","[26, 15.0]","(0, 0)","[24, 19.5]","[41.0, 13.5]"
83,"[20.75, 12.0]","(0, 0)","[45.5, 13.5]","[22.75, 12.0]","(0, 0)","(0, 0)","[26, 6.0]","[22.75, 6.0]","[22.75, 13.5]","[41.0, 15.0]"
84,"[20.75, 21.0]","(0, 0)","[47.5, 15.0]","(0, 0)","[24, 10.5]","[52.0, 13.5]","[24, 12.0]","(0, 0)","(0, 0)","[42.25, 16.5]"
85,"[19.5, 21.0]","(0, 0)","[31.25, 22.5]","[39.0, 9.0]","(0, 0)","[44.25, 22.5]","[24, 9.0]","(0, 0)","[41.0, 10.5]","[44.25, 12.0]"
86,"[22.75, 12.0]","[15.25, 10.5]","(0, 0)","[41.0, 22.5]","(0, 0)","[44.25, 21.0]","(0, 0)","[26, 21.0]","[29.25, 13.5]","[47.5, 10.5]"
87,"[22.75, 6.0]","[19.5, 21.0]","(0, 0)","(0, 0)","[24, 21.0]","[44.25, 12.0]","[20.75, 15.0]","[26, 19.5]","(0, 0)","[24, 9.0]"
88,"[24, 12.0]","[22.75, 18.0]","[35.75, 22.5]","(0, 0)","[19.5, 21.0]","[32.5, 6.0]","[32.5, 15.0]","[24, 18.0]","(0, 0)","[20.75, 12.0]"
89,"[24, 15.0]","[26, 18.0]","[35.75, 10.5]","[24, 13.5]","[15.25, 10.5]","(0, 0)","[44.25, 15.0]","[20.75, 16.5]","[44.25, 12.0]","(0, 0)"
90,"[26, 22.5]","[35.75, 21.0]","[37.75, 9.0]","(0, 0)","[15.25, 6.0]","[20.75, 12.0]","[44.25, 13.5]","[20.75, 12.0]","[44.25, 16.5]","[22.75, 12.0]"
91,"[34.5, 16.5]","[35.75, 18.0]","(0, 0)","[24, 13.5]","(0, 0)","[28.0, 9.0]","[26, 15.0]","[20.75, 9.0]","[47.5, 18.0]","(0, 0)"
92,"[41.0, 10.5]","[32.5, 19.5]","[20.75, 9.0]","(0, 0)","[20.75, 9.0]","[28.0, 16.5]","(0, 0)","(0, 0)","[41.0, 13.5]","(0, 0)"
93,"[44.25, 9.0]","[31.25, 12.0]","[20.75, 16.5]","(0, 0)","[20.75, 15.0]","[37.75, 16.5]","(0, 0)","[22.75, 12.0]","[41.0, 18.0]","[34.5, 9.0]"
94,"[39.0, 9.0]","[34.5, 9.0]","[19.5, 21.0]","[39.0, 12.0]","[32.5, 18.0]","[52.0, 13.5]","[19.5, 21.0]","[22.75, 13.5]","[35.75, 22.5]","[45.5, 13.5]"
95,"[31.25, 6.0]","(0, 0)","[19.5, 19.5]","[34.5, 15.0]","[42.25, 18.0]","(0, 0)","[26, 21.0]","[34.5, 13.5]","[31.25, 16.5]","[19.5, 21.0]"
96,"(0, 0)","(0, 0)","[22.75, 21.0]","[19.5, 21.0]","[41.0, 13.5]","(0, 0)","[34.5, 15.0]","[34.5, 12.0]","[19.5, 21.0]","(0, 0)"
97,"[20.75, 12.0]","(0, 0)","[45.5, 15.0]","[19.5, 19.5]","[24, 21.0]","(0, 0)","[34.5, 12.0]","[45.5, 16.5]","[20.75, 9.0]","[34.5, 9.0]"
98,"(0, 0)","[32.5, 9.0]","[35.75, 22.5]","[15.25, 21.0]","(0, 0)","[44.25, 21.0]","[44.25, 22.5]","[26, 21.0]","(0, 0)","(0, 0)"
99,"(0, 0)","[31.25, 10.5]","(0, 0)","[22.75, 12.0]","(0, 0)","(0, 0)","[37.75, 15.0]","(0, 0)","[39.0, 9.0]","(0, 0)"
100,"(0, 0)","[22.75, 6.0]","(0, 0)","(0, 0)","[24, 6.0]","(0, 0)","[37.75, 10.5]","(0, 0)","[42.25, 9.0]","[20.75, 6.0]"
101,"[20.75, 9.0]","[22.75, 12.0]","[22.75, 13.5]","[39.0, 12.0]","[24, 9.0]","(0, 0)","(0, 0)","[47.5, 6.0]","[42.25, 12.0]","(0, 0)"
102,"[26, 16.5]","[22.75, 13.5]","[22.75, 6.0]","(0, 0)","[24, 12.0]","[39.0, 9.0]","[22.75, 15.0]","[44.25, 10.5]","[44.25, 12.0]","[22.75, 13.5]"
103,"[41.0, 18.0]","[19.5, 12.0]","(0, 0)","(0, 0)","[24, 19.5]","[37.75, 21.0]","[19.5, 21.0]","[32.5, 22.5]","(0, 0)","[19.5, 21.0]"
104,"[41.0, 13.5]","(0, 0)","[20.75, 12.0]","[45.5, 22.5]","[28.0, 18.0]","(0, 0)","(0, 0)","[32.5, 21.0]","(0, 0)","[41.0, 15.0]"
105,"[47.5, 16.5]","[20.75, 12.0]","[20.75, 15.0]","(0, 0)","[37.75, 21.0]","[39.0, 9.0]","(0, 0)","[20.75, 21.0]","[34.5, 12.0]","[41.0, 16.5]"
106,"[47.5, 10.5]","[37.75, 13.5]","[15.25, 21.0]","[45.5, 22.5]","[37.75, 12.0]","(0, 0)","(0, 0)","[19.5, 21.0]","[39.0, 12.0]","[32.5, 21.0]"
107,"[44.25, 10.5]","[41.0, 21.0]","[24, 16.5]","(0, 0)","[52.0, 13.5]","(0, 0)","[20.75, 10.5]","(0, 0)","[42.25, 9.0]","[24, 10.5]"
108,"[42.25, 6.0]","[41.0, 15.0]","[26, 15.0]","(0, 0)","[22.75, 13.5]","[41.0, 10.5]","[19.5, 21.0]","[31.25, 10.5]","[44.25, 6.0]","[20.75, 6.0]"
109,"[39.0, 9.0]","[47.5, 21.0]","[41.0, 15.0]","[37.75, 21.0]","[19.5, 21.0]","[47.5, 9.0]","[32.5, 15.0]","[47.5, 6.0]","[45.5, 13.5]","(0, 0)"
110,"[31.25, 12.0]","[45.5, 15.0]","[41.0, 10.5]","[45.5, 21.0]","[15.25, 10.5]","[52.0, 13.5]","[32.5, 21.0]","(0, 0)","[45.5, 15.0]","(0, 0)"
111,"(0, 0)","[42.25, 12.0]","[31.25, 6.0]","[47.5, 16.5]","(0, 0)","[42.25, 15.0]","[34.5, 16.5]","(0, 0)","[41.0, 15.0]","[37.75, 12.0]"
112,"(0, 0)","[32.5, 9.0]","[22.75, 13.5]","[24, 16.5]","[24, 6.0]","[26, 22.5]","[45.5, 19.5]","[22.75, 12.0]","[19.5, 21.0]","[41.0, 10.5]"
113,"(0, 0)","(0, 0)","(0, 0)","[24, 9.0]","(0, 0)","[24, 19.5]","[44.25, 16.5]","[22.75, 15.0]","[24, 13.5]","[44.25, 10.5]"
114,"[41.0, 10.5]","(0, 0)","(0, 0)","[22.75, 13.5]","(0, 0)","[24, 9.0]","[47.5, 6.0]","[24, 19.5]","(0, 0)","[44.25, 21.0]"
115,"[41.0, 15.0]","[37.75, 21.0]","[20.75, 9.0]","[19.5, 21.0]","[26, 21.0]","[24, 6.0]","(0, 0)","[24, 9.0]","[34.5, 12.0]","[45.5, 15.0]"
116,"[42.25, 13.5]","[32.5, 21.0]","[20.75, 22.5]","[20.75, 13.5]","[19.5, 21.0]","[20.75, 10.5]","(0, 0)","[42.25, 6.0]","(0, 0)","[47.5, 16.5]"
117,"[39.0, 15.0]","[26, 22.5]","[24, 21.0]","(0, 0)","[22.75, 13.5]","[19.5, 12.0]","(0, 0)","[41.0, 13.5]","(0, 0)","[42.25, 16.5]"
118,"[26, 15.0]","[24, 19.5]","[24, 13.5]","[26, 10.5]","[22.75, 12.0]","(0, 0)","[26, 22.5]","[41.0, 15.0]","[26, 16.5]","[19.5, 21.0]"
119,"[24, 18.0]","[22.75, 12.0]","[32.5, 18.0]","[32.5, 12.0]","(0, 0)","[22.75, 12.0]","[26, 19.5]","[32.5, 19.5]","[26, 15.0]","[22.75, 13.5]"
120,"[22.75, 15.0]","(0, 0)","[34.5, 21.0]","[37.75, 21.0]","[44.25, 6.0]","[41.0, 10.5]","[20.75, 22.5]","[31.25, 12.0]","[26, 6.0]","(0, 0)"
121,"(0, 0)","[20.75, 12.0]","[45.5, 16.5]","(0, 0)","[48.75, 9.0]","(0, 0)","[20.75, 12.0]","[20.75, 9.0]","[24, 6.0]","[26, 10.5]"
122,"[28.0, 9.0]","[31.25, 12.0]","[45.5, 13.5]","(0, 0)","[45.5, 13.5]","(0, 0)","[20.75, 10.5]","(0, 0)","[24, 19.5]","[34.5, 6.0]"
123,"[29.25, 10.5]","[34.5, 10.5]","[52.0, 9.0]","[26, 10.5]","[45.5, 22.5]","[24, 13.5]","(0, 0)","[22.75, 12.0]","[22.75, 13.5]","[37.75, 12.0]"
124,"[44.25, 9.0]","[37.75, 21.0]","[41.0, 13.5]","[35.75, 12.0]","[42.25, 16.5]","(0, 0)","[22.75, 12.0]","(0, 0)","[19.5, 21.0]","(0, 0)"
125,"[41.0, 10.5]","(0, 0)","[26, 13.5]","[45.5, 19.5]","[37.75, 13.5]","[24, 13.5]","[24, 9.0]","(0, 0)","[20.75, 12.0]","(0, 0)"
126,"(0, 0)","(0, 0)","[26, 10.5]","[44.25, 22.5]","[26, 21.0]","(0, 0)","[24, 10.5]","[26, 6.0]","[20.75, 9.0]","(0, 0)"
127,"(0, 0)","[31.25, 13.5]","(0, 0)","[24, 21.0]","(0, 0)","(0, 0)","[24, 12.0]","[26, 10.5]","(0, 0)","[20.75, 18.0]"
128,"(0, 0)","[35.75, 13.5]","[20.75, 9.0]","[20.75, 15.0]","(0, 0)","(0, 0)","[26, 6.0]","[20.75, 12.0]","[47.5, 10.5]","[19.5, 21.0]"
129,"[20.75, 9.0]","(0, 0)","(0, 0)","[19.5, 21.0]","[24, 9.0]","[37.75, 15.0]","[37.75, 12.0]","(0, 0)","[47.5, 22.5]","[24, 21.0]"
130,"[34.5, 15.0]","[31.25, 13.5]","(0, 0)","[15.25, 12.0]","[24, 16.5]","(0, 0)","[42.25, 12.0]","[22.75, 12.0]","[37.75, 21.0]","[44.25, 9.0]"
131,"[41.0, 15.0]","(0, 0)","(0, 0)","(0, 0)","[24, 18.0]","(0, 0)","[26, 22.5]","[22.75, 13.5]","[28.0, 15.0]","(0, 0)"
132,"[37.75, 13.5]","(0, 0)","[19.5, 21.0]","[22.75, 10.5]","[19.5, 21.0]","(0, 0)","(0, 0)","[24, 15.0]","[26, 16.5]","(0, 0)"
133,"[24, 10.5]","[19.5, 12.0]","[31.25, 16.5]","[26, 10.5]","[22.75, 13.5]","[19.5, 21.0]","(0, 0)","[24, 13.5]","(0, 0)","(0, 0)"
134,"(0, 0)","[20.75, 13.5]","(0, 0)","(0, 0)","[32.5, 21.0]","[20.75, 22.5]","[15.25, 21.0]","[44.25, 21.0]","(0, 0)","[22.75, 13.5]"
135,"(0, 0)","[20.75, 18.0]","(0, 0)","(0, 0)","[32.5, 6.0]","[20.75, 9.0]","[19.5, 21.0]","[52.0, 13.5]","[39.0, 9.0]","[19.5, 21.0]"
136,"(0, 0)","[22.75, 13.5]","(0, 0)","[24, 6.0]","(0, 0)","(0, 0)","[20.75, 21.0]","[26, 6.0]","[41.0, 10.5]","[35.75, 22.5]"
137,"[20.75, 9.0]","[41.0, 22.5]","[37.75, 18.0]","[24, 10.5]","[24, 9.0]","[24, 6.0]","[22.75, 15.0]","(0, 0)","[37.75, 16.5]","[39.0, 16.5]"
138,"[20.75, 12.0]","[41.0, 15.0]","[22.75, 15.0]","[20.75, 9.0]","(0, 0)","[24, 13.5]","[22.75, 13.5]","(0, 0)","[26, 22.5]","[41.0, 15.0]"
139,"[24, 9.0]","[47.5, 18.0]","[22.75, 13.5]","(0, 0)","(0, 0)","[37.75, 13.5]","(0, 0)","[29.25, 10.5]","[22.75, 21.0]","[47.5, 9.0]"
140,"[24, 12.0]","[47.5, 21.0]","[22.75, 12.0]","[22.75, 13.5]","(0, 0)","[52.0, 13.5]","[26, 6.0]","[37.75, 9.0]","[20.75, 18.0]","[20.75, 6.0]"
141,"[24, 15.0]","[44.25, 12.0]","(0, 0)","[19.5, 21.0]","[20.75, 16.5]","[44.25, 21.0]","[28.0, 6.0]","[32.5, 19.5]","[20.75, 15.0]","(0, 0)"
142,"[24, 18.0]","[42.25, 12.0]","[20.75, 9.0]","[26, 22.5]","[20.75, 21.0]","[44.25, 15.0]","[39.0, 9.0]","[24, 19.5]","[15.25, 21.0]","[22.75, 13.5]"
143,"[26, 18.0]","(0, 0)","[20.75, 18.0]","[42.25, 16.5]","[24, 19.5]","[22.75, 13.5]","[41.0, 15.0]","[24, 18.0]","[24, 18.0]","(0, 0)"
144,"[44.25, 22.5]","[19.5, 12.0]","[24, 19.5]","[45.5, 13.5]","[24, 21.0]","[19.5, 21.0]","[15.25, 21.0]","[15.25, 21.0]","[24, 6.0]","(0, 0)"
145,"[42.25, 12.0]","(0, 0)","[24, 13.5]","[24, 6.0]","[26, 22.5]","(0, 0)","(0, 0)","[20.75, 18.0]","[22.75, 6.0]","[34.5, 12.0]"
146,"[19.5, 12.0]","(0, 0)","[42.25, 6.0]","(0, 0)","[41.0, 10.5]","(0, 0)","(0, 0)","[20.75, 15.0]","(0, 0)","[34.5, 15.0]"
147,"(0, 0)","[22.75, 6.0]","[37.75, 18.0]","(0, 0)","[50.75, 9.0]","[41.0, 10.5]","[22.75, 15.0]","[22.75, 13.5]","[39.0, 9.0]","[22.75, 15.0]"
148,"[20.75, 9.0]","[22.75, 13.5]","(0, 0)","[22.75, 13.5]","[26, 6.0]","(0, 0)","(0, 0)","[22.75, 6.0]","(0, 0)","[19.5, 21.0]"
149,"(0, 0)","[22.75, 21.0]","(0, 0)","[19.5, 21.0]","(0, 0)","[41.0, 10.5]","[22.75, 15.0]","(0, 0)","(0, 0)","[20.75, 9.0]"
150,"(0, 0)","[15.25, 21.0]","[22.75, 12.0]","[20.75, 12.0]","(0, 0)","(0, 0)","(0, 0)","[29.25, 10.5]","[45.5, 19.5]","(0, 0)"
151,"[37.75, 13.5]","[24, 19.5]","[24, 19.5]","[20.75, 9.0]","(0, 0)","(0, 0)","(0, 0)","(0, 0)","[37.75, 21.0]","[31.25, 9.0]"
152,"[34.5, 16.5]","[35.75, 21.0]","[24, 10.5]","(0, 0)","[20.75, 9.0]","[20.75, 9.0]","[44.25, 15.0]","(0, 0)","[26, 15.0]","[31.25, 16.5]"
153,"[24, 19.5]","[44.25, 22.5]","[26, 6.0]","[37.75, 9.0]","[19.5, 21.0]","[20.75, 15.0]","[44.25, 16.5]","[15.25, 9.0]","[19.5, 21.0]","[45.5, 18.0]"
154,"[24, 21.0]","[37.75, 9.0]","[26, 16.5]","[39.0, 9.0]","[24, 13.5]","[19.5, 18.0]","[22.75, 13.5]","(0, 0)","[22.75, 21.0]","[47.5, 6.0]"
155,"[19.5, 21.0]","(0, 0)","[26, 22.5]","[42.25, 9.0]","[26, 22.5]","[22.75, 21.0]","[19.5, 21.0]","[15.25, 9.0]","[22.75, 15.0]","[44.25, 6.0]"
156,"[22.75, 12.0]","[20.75, 12.0]","[31.25, 22.5]","[47.5, 16.5]","[34.5, 12.0]","[41.0, 15.0]","[24, 21.0]","(0, 0)","[22.75, 6.0]","[37.75, 12.0]"
157,"(0, 0)","[22.75, 6.0]","[35.75, 10.5]","[47.5, 22.5]","(0, 0)","[44.25, 15.0]","[24, 15.0]","(0, 0)","(0, 0)","[34.5, 12.0]"
158,"[20.75, 9.0]","(0, 0)","[39.0, 9.0]","[26, 19.5]","[20.75, 9.0]","[47.5, 18.0]","[24, 10.5]","[20.75, 9.0]","[20.75, 9.0]","(0, 0)"
159,"[47.5, 10.5]","(0, 0)","[48.75, 12.0]","[24, 13.5]","(0, 0)","[45.5, 10.5]","(0, 0)","[20.75, 10.5]","[44.25, 9.0]","(0, 0)"
160,"[44.25, 13.5]","[26, 22.5]","[29.25, 13.5]","[22.75, 13.5]","(0, 0)","[29.25, 9.0]","[47.5, 12.0]","[20.75, 6.0]","[45.5, 19.5]","[35.75, 19.5]"
161,"[44.25, 16.5]","[19.5, 21.0]","[19.5, 21.0]","(0, 0)","[44.25, 21.0]","(0, 0)","[45.5, 22.5]","[22.75, 10.5]","(0, 0)","[41.0, 13.5]"
162,"[44.25, 22.5]","[15.25, 21.0]","[20.75, 12.0]","(0, 0)","[37.75, 21.0]","[20.75, 9.0]","[44.25, 15.0]","[22.75, 13.5]","(0, 0)","[44.25, 21.0]"
163,"[42.25, 13.5]","[22.75, 21.0]","[20.75, 9.0]","[24, 19.5]","[31.25, 22.5]","(0, 0)","(0, 0)","[24, 13.5]","[24, 19.5]","[24, 19.5]"
164,"[37.75, 13.5]","[22.75, 13.5]","(0, 0)","[24, 10.5]","[31.25, 16.5]","(0, 0)","(0, 0)","[32.5, 18.0]","[24, 21.0]","[24, 12.0]"
165,"(0, 0)","[22.75, 12.0]","[22.75, 12.0]","[20.75, 9.0]","[24, 13.5]","(0, 0)","[37.75, 18.0]","[44.25, 9.0]","[19.5, 21.0]","[20.75, 13.5]"
166,"(0, 0)","[22.75, 10.5]","(0, 0)","(0, 0)","[19.5, 21.0]","[42.25, 15.0]","[20.75, 9.0]","(0, 0)","[26, 15.0]","[20.75, 9.0]"
167,"[20.75, 9.0]","[22.75, 6.0]","(0, 0)","[15.25, 21.0]","[20.75, 9.0]","(0, 0)","(0, 0)","[20.75, 9.0]","[42.25, 15.0]","(0, 0)"
168,"(0, 0)","[26, 6.0]","[24, 10.5]","[22.75, 15.0]","(0, 0)","(0, 0)","[37.75, 18.0]","(0, 0)","[31.25, 9.0]","[26, 6.0]"
169,"[22.75, 12.0]","[24, 6.0]","[24, 13.5]","[41.0, 16.5]","[34.5, 12.0]","(0, 0)","(0, 0)","(0, 0)","(0, 0)","[28.0, 6.0]"
170,"[22.75, 15.0]","[20.75, 9.0]","[24, 16.5]","[41.0, 13.5]","[52.0, 12.0]","[19.5, 9.0]","(0, 0)","[19.5, 21.0]","[24, 13.5]","[28.0, 12.0]"
171,"[19.5, 21.0]","(0, 0)","[29.25, 13.5]","[42.25, 15.0]","[44.25, 21.0]","[19.5, 21.0]","[22.75, 15.0]","[24, 13.5]","[24, 19.5]","[35.75, 19.5]"
172,"[28.0, 15.0]","[31.25, 6.0]","[32.5, 21.0]","[45.5, 13.5]","(0, 0)","[22.75, 19.5]","[22.75, 13.5]","[34.5, 13.5]","(0, 0)","(0, 0)"
173,"[32.5, 19.5]","[37.75, 13.5]","[35.75, 12.0]","[35.75, 13.5]","(0, 0)","[22.75, 13.5]","[22.75, 6.0]","[34.5, 21.0]","(0, 0)","(0, 0)"
174,"[35.75, 21.0]","[39.0, 18.0]","[39.0, 9.0]","[24, 19.5]","[22.75, 15.0]","[24, 19.5]","(0, 0)","[44.25, 15.0]","[20.75, 22.5]","(0, 0)"
175,"[37.75, 21.0]","[45.5, 22.5]","[41.0, 15.0]","(0, 0)","(0, 0)","[24, 6.0]","[15.25, 10.5]","[45.5, 16.5]","[19.5, 21.0]","[19.5, 9.0]"
176,"[42.25, 6.0]","[47.5, 22.5]","[15.25, 21.0]","(0, 0)","[37.75, 13.5]","[26, 10.5]","[20.75, 10.5]","[48.75, 12.0]","[15.25, 9.0]","[26, 6.0]"
177,"[20.75, 9.0]","[48.75, 12.0]","[22.75, 21.0]","[22.75, 12.0]","[22.75, 15.0]","[26, 16.5]","[20.75, 12.0]","[39.0, 9.0]","(0, 0)","[28.0, 6.0]"
178,"(0, 0)","[26, 22.5]","[22.75, 13.5]","[22.75, 15.0]","(0, 0)","[35.75, 13.5]","[19.5, 18.0]","[31.25, 12.0]","[20.75, 6.0]","[41.0, 10.5]"
179,"(0, 0)","(0, 0)","[22.75, 6.0]","[22.75, 21.0]","(0, 0)","[47.5, 12.0]","[35.75, 16.5]","(0, 0)","[24, 6.0]","[42.25, 13.5]"
180,"[47.5, 6.0]","(0, 0)","(0, 0)","[28.0, 15.0]","[31.25, 6.0]","[20.75, 6.0]","[47.5, 22.5]","[20.75, 9.0]","[24, 9.0]","[22.75, 18.0]"
181,"[50.75, 9.0]","[24, 6.0]","[24, 10.5]","[32.5, 18.0]","(0, 0)","[20.75, 10.5]","[47.5, 15.0]","[22.75, 13.5]","[26, 10.5]","[22.75, 15.0]"
182,"[47.5, 22.5]","[31.25, 6.0]","(0, 0)","[37.75, 21.0]","[22.75, 12.0]","(0, 0)","[41.0, 15.0]","[19.5, 21.0]","[47.5, 9.0]","[22.75, 13.5]"
183,"[41.0, 15.0]","[41.0, 10.5]","(0, 0)","[41.0, 18.0]","[19.5, 21.0]","[19.5, 9.0]","[28.0, 15.0]","(0, 0)","[48.75, 16.5]","[22.75, 12.0]"
184,"[35.75, 16.5]","[26, 19.5]","[22.75, 6.0]","[47.5, 21.0]","[26, 13.5]","(0, 0)","[22.75, 15.0]","(0, 0)","[31.25, 19.5]","[20.75, 12.0]"
185,"[34.5, 15.0]","[26, 22.5]","[22.75, 12.0]","[47.5, 10.5]","[32.5, 19.5]","(0, 0)","(0, 0)","(0, 0)","[29.25, 13.5]","(0, 0)"
186,"[24, 18.0]","[22.75, 13.5]","[22.75, 15.0]","[48.75, 12.0]","[44.25, 22.5]","(0, 0)","(0, 0)","[22.75, 12.0]","[20.75, 22.5]","(0, 0)"
187,"[24, 9.0]","[20.75, 12.0]","[20.75, 22.5]","[42.25, 12.0]","[50.75, 9.0]","[20.75, 9.0]","[22.75, 15.0]","[28.0, 9.0]","(0, 0)","(0, 0)"
188,"[20.75, 12.0]","[20.75, 6.0]","[26, 22.5]","[20.75, 9.0]","[37.75, 9.0]","[26, 22.5]","[20.75, 22.5]","[28.0, 15.0]","(0, 0)","(0, 0)"
189,"[20.75, 9.0]","(0, 0)","[37.75, 19.5]","[20.75, 10.5]","[31.25, 6.0]","[22.75, 13.5]","[34.5, 12.0]","[29.25, 13.5]","[41.0, 15.0]","[24, 6.0]"
190,"(0, 0)","[24, 6.0]","[41.0, 10.5]","[20.75, 12.0]","(0, 0)","(0, 0)","(0, 0)","[42.25, 12.0]","[41.0, 22.5]","[24, 16.5]"
191,"[39.0, 9.0]","(0, 0)","[26, 6.0]","(0, 0)","(0, 0)","(0, 0)","[22.75, 15.0]","[47.5, 12.0]","[37.75, 18.0]","[22.75, 13.5]"
192,"[47.5, 6.0]","(0, 0)","(0, 0)","[22.75, 12.0]","[15.25, 21.0]","(0, 0)","(0, 0)","[52.0, 10.5]","[19.5, 21.0]","[15.25, 21.0]"
193,"(0, 0)","[19.5, 21.0]","[22.75, 6.0]","(0, 0)","[22.75, 21.0]","[26, 15.0]","(0, 0)","(0, 0)","(0, 0)","[26, 21.0]"
194,"(0, 0)","(0, 0)","(0, 0)","(0, 0)","[24, 16.5]","[24, 19.5]","[45.5, 13.5]","(0, 0)","[41.0, 15.0]","[41.0, 22.5]"
195,"(0, 0)","[19.5, 21.0]","(0, 0)","[41.0, 10.5]","[24, 19.5]","[24, 16.5]","[44.25, 21.0]","(0, 0)","(0, 0)","[50.75, 9.0]"
196,"[47.5, 12.0]","(0, 0)","[20.75, 9.0]","[39.0, 9.0]","[37.75, 13.5]","[15.25, 10.5]","[35.75, 21.0]","(0, 0)","(0, 0)","[34.5, 9.0]"
197,"(0, 0)","(0, 0)","(0, 0)","[34.5, 9.0]","[37.75, 21.0]","[15.25, 6.0]","[28.0, 15.0]","[20.75, 6.0]","[20.75, 9.0]","[20.75, 6.0]"
198,"(0, 0)","[24, 10.5]","[20.75, 9.0]","[34.5, 12.0]","[45.5, 16.5]","(0, 0)","[22.75, 21.0]","[20.75, 10.5]","[20.75, 10.5]","[20.75, 9.0]"
199,"(0, 0)","[24, 13.5]","(0, 0)","[24, 19.5]","[52.0, 15.0]","[22.75, 6.0]","[19.5, 21.0]","[20.75, 18.0]","[22.75, 12.0]","(0, 0)"
200,"[28.0, 9.0]","[22.75, 13.5]","(0, 0)","[22.75, 18.0]","[48.75, 12.0]","[28.0, 9.0]","[15.25, 21.0]","[24, 19.5]","[22.75, 18.0]","(0, 0)"
201,"[28.0, 10.5]","[47.5, 21.0]","[35.75, 13.5]","[19.5, 21.0]","[47.5, 9.0]","[37.75, 13.5]","(0, 0)","[24, 21.0]","[24, 21.0]","(0, 0)"
202,"[28.0, 16.5]","[47.5, 16.5]","(0, 0)","[20.75, 9.0]","[35.75, 9.0]","[26, 15.0]","[22.75, 6.0]","[22.75, 13.5]","[24, 19.5]","(0, 0)"
203,"[26, 16.5]","[48.75, 12.0]","[35.75, 13.5]","(0, 0)","[22.75, 6.0]","(0, 0)","[24, 9.0]","[22.75, 12.0]","[24, 12.0]","[24, 19.5]"
204,"[26, 10.5]","[34.5, 12.0]","(0, 0)","[45.5, 12.0]","[22.75, 9.0]","(0, 0)","[29.25, 10.5]","[26, 6.0]","[24, 6.0]","(0, 0)"
205,"[24, 12.0]","[34.5, 9.0]","(0, 0)","[45.5, 21.0]","[20.75, 9.0]","[32.5, 21.0]","[47.5, 12.0]","[48.75, 12.0]","[28.0, 9.0]","(0, 0)"
206,"[22.75, 6.0]","(0, 0)","[31.25, 16.5]","[47.5, 22.5]","(0, 0)","[34.5, 22.5]","[45.5, 13.5]","(0, 0)","[37.75, 13.5]","(0, 0)"
207,"[22.75, 13.5]","[24, 10.5]","[26, 15.0]","[48.75, 12.0]","[15.25, 21.0]","[44.25, 16.5]","(0, 0)","(0, 0)","[19.5, 18.0]","[15.25, 10.5]"
208,"[22.75, 16.5]","(0, 0)","[26, 21.0]","[41.0, 10.5]","(0, 0)","[47.5, 10.5]","(0, 0)","(0, 0)","[15.25, 10.5]","[19.5, 18.0]"
209,"[15.25, 21.0]","(0, 0)","[24, 13.5]","(0, 0)","(0, 0)","(0, 0)","[34.5, 12.0]","[26, 16.5]","(0, 0)","[19.5, 21.0]"
210,"[20.75, 12.0]","[28.0, 9.0]","[24, 9.0]","(0, 0)","[28.0, 15.0]","[20.75, 9.0]","[34.5, 16.5]","[15.25, 21.0]","[20.75, 9.0]","[26, 22.5]"
211,"[20.75, 9.0]","[28.0, 15.0]","[22.75, 6.0]","(0, 0)","[22.75, 21.0]","[20.75, 15.0]","[37.75, 21.0]","(0, 0)","(0, 0)","[28.0, 16.5]"
212,"(0, 0)","[32.5, 19.5]","[22.75, 13.5]","[45.5, 12.0]","[19.5, 12.0]","[22.75, 13.5]","[41.0, 10.5]","[37.75, 12.0]","(0, 0)","[28.0, 15.0]"
213,"[34.5, 6.0]","[22.75, 21.0]","[22.75, 15.0]","(0, 0)","(0, 0)","[24, 21.0]","[39.0, 9.0]","[26, 16.5]","[20.75, 13.5]","[28.0, 6.0]"
214,"[28.0, 9.0]","[22.75, 13.5]","[15.25, 21.0]","(0, 0)","[20.75, 9.0]","[32.5, 21.0]","[32.5, 12.0]","(0, 0)","[19.5, 21.0]","[32.5, 6.0]"
215,"(0, 0)","[22.75, 12.0]","[20.75, 12.0]","(0, 0)","[24, 10.5]","(0, 0)","[28.0, 22.5]","(0, 0)","[24, 21.0]","[32.5, 9.0]"
216,"(0, 0)","(0, 0)","[20.75, 9.0]","[19.5, 21.0]","[24, 12.0]","(0, 0)","[28.0, 15.0]","[37.75, 13.5]","[24, 13.5]","[32.5, 16.5]"
217,"[26, 6.0]","[20.75, 9.0]","(0, 0)","[24, 19.5]","[29.25, 9.0]","[20.75, 13.5]","[20.75, 9.0]","[37.75, 10.5]","[35.75, 22.5]","[32.5, 18.0]"
218,"[26, 16.5]","[20.75, 10.5]","[41.0, 9.0]","[31.25, 21.0]","[39.0, 9.0]","[20.75, 15.0]","(0, 0)","[24, 10.5]","[52.0, 13.5]","[37.75, 21.0]"
219,"[24, 19.5]","[28.0, 9.0]","[35.75, 22.5]","[31.25, 22.5]","[47.5, 10.5]","[19.5, 21.0]","[34.5, 12.0]","[24, 12.0]","(0, 0)","[41.0, 15.0]"
220,"[22.75, 15.0]","(0, 0)","[31.25, 16.5]","[44.25, 10.5]","[44.25, 22.5]","[22.75, 13.5]","(0, 0)","(0, 0)","[20.75, 13.5]","[39.0, 9.0]"
221,"[22.75, 12.0]","(0, 0)","(0, 0)","[48.75, 10.5]","[37.75, 13.5]","[32.5, 19.5]","(0, 0)","[20.75, 6.0]","(0, 0)","[20.75, 10.5]"
222,"[22.75, 6.0]","[44.25, 6.0]","(0, 0)","[41.0, 10.5]","[28.0, 15.0]","[34.5, 19.5]","[19.5, 21.0]","[20.75, 9.0]","(0, 0)","[20.75, 9.0]"
223,"[20.75, 9.0]","[44.25, 15.0]","[20.75, 9.0]","[20.75, 9.0]","(0, 0)","[37.75, 12.0]","[20.75, 21.0]","[20.75, 13.5]","[35.75, 21.0]","(0, 0)"
224,"(0, 0)","[42.25, 16.5]","[20.75, 10.5]","[20.75, 6.0]","(0, 0)","[47.5, 12.0]","[24, 19.5]","[20.75, 22.5]","[26, 22.5]","[15.25, 10.5]"
225,"[19.5, 12.0]","[37.75, 15.0]","[20.75, 12.0]","(0, 0)","[24, 13.5]","[50.75, 9.0]","[34.5, 19.5]","[19.5, 21.0]","[24, 21.0]","(0, 0)"
226,"[19.5, 21.0]","[26, 16.5]","[20.75, 15.0]","[22.75, 12.0]","[24, 15.0]","[24, 12.0]","[22.75, 13.5]","[15.25, 21.0]","[24, 13.5]","(0, 0)"
227,"[37.75, 13.5]","[19.5, 21.0]","[19.5, 19.5]","[22.75, 15.0]","[24, 16.5]","(0, 0)","(0, 0)","[22.75, 21.0]","[19.5, 21.0]","(0, 0)"
228,"[41.0, 13.5]","[22.75, 13.5]","[31.25, 19.5]","[19.5, 21.0]","[24, 19.5]","[20.75, 13.5]","[19.5, 21.0]","[22.75, 16.5]","[20.75, 10.5]","[20.75, 6.0]"
229,"[47.5, 19.5]","(0, 0)","[34.5, 12.0]","(0, 0)","[24, 21.0]","(0, 0)","(0, 0)","[22.75, 13.5]","[20.75, 9.0]","[20.75, 9.0]"
230,"[47.5, 10.5]","[28.0, 6.0]","[34.5, 9.0]","(0, 0)","[26, 22.5]","(0, 0)","(0, 0)","[26, 18.0]","(0, 0)","[22.75, 13.5]"
231,"[42.25, 9.0]","[28.0, 12.0]","[24, 9.0]","[47.5, 12.0]","[26, 15.0]","(0, 0)","(0, 0)","[44.25, 21.0]","[22.75, 9.0]","[19.5, 21.0]"
232,"[26, 6.0]","[47.5, 12.0]","[22.75, 12.0]","[52.0, 6.0]","[19.5, 21.0]","[19.5, 21.0]","[20.75, 9.0]","[37.75, 13.5]","[47.5, 9.0]","[44.25, 18.0]"
233,"(0, 0)","[44.25, 6.0]","(0, 0)","[42.25, 12.0]","[22.75, 15.0]","(0, 0)","[20.75, 10.5]","(0, 0)","[47.5, 12.0]","[45.5, 22.5]"
234,"(0, 0)","(0, 0)","[20.75, 9.0]","[42.25, 15.0]","(0, 0)","(0, 0)","[19.5, 21.0]","(0, 0)","[44.25, 19.5]","[39.0, 18.0]"
235,"[47.5, 9.0]","(0, 0)","(0, 0)","[37.75, 21.0]","[24, 13.5]","(0, 0)","[31.25, 22.5]","(0, 0)","[35.75, 21.0]","[39.0, 9.0]"
236,"[52.0, 6.0]","(0, 0)","(0, 0)","[35.75, 13.5]","(0, 0)","[22.75, 15.0]","[34.5, 12.0]","[19.5, 21.0]","(0, 0)","[24, 6.0]"
237,"[52.0, 13.5]","[20.75, 12.0]","[24, 18.0]","[19.5, 21.0]","(0, 0)","[19.5, 21.0]","[32.5, 6.0]","[26, 16.5]","(0, 0)","(0, 0)"
238,"[37.75, 16.5]","(0, 0)","[22.75, 13.5]","[20.75, 9.0]","(0, 0)","[19.5, 18.0]","(0, 0)","[32.5, 18.0]","[42.25, 9.0]","(0, 0)"
239,"[31.25, 16.5]","(0, 0)","[22.75, 6.0]","[20.75, 6.0]","[22.75, 6.0]","[20.75, 9.0]","(0, 0)","[35.75, 10.5]","[41.0, 15.0]","(0, 0)"
240,"[26, 22.5]","(0, 0)","(0, 0)","(0, 0)","[22.75, 13.5]","(0, 0)","(0, 0)","(0, 0)","[37.75, 21.0]","(0, 0)"
241,"[22.75, 15.0]","[39.0, 9.0]","[20.75, 12.0]","[22.75, 10.5]","[19.5, 21.0]","[26, 6.0]","[44.25, 22.5]","(0, 0)","[24, 18.0]","[20.75, 9.0]"
242,"[22.75, 13.5]","[34.5, 12.0]","[19.5, 21.0]","[47.5, 12.0]","[24, 16.5]","[28.0, 9.0]","[45.5, 19.5]","(0, 0)","[24, 21.0]","[19.5, 21.0]"
243,"[22.75, 6.0]","[37.75, 21.0]","[19.5, 19.5]","(0, 0)","[24, 18.0]","[34.5, 16.5]","[47.5, 12.0]","[20.75, 6.0]","[19.5, 21.0]","(0, 0)"
244,"(0, 0)","[32.5, 18.0]","[15.25, 21.0]","(0, 0)","[24, 19.5]","[35.75, 16.5]","[47.5, 10.5]","(0, 0)","(0, 0)","(0, 0)"
245,"[20.75, 9.0]","[24, 21.0]","[26, 12.0]","(0, 0)","[26, 13.5]","[48.75, 16.5]","[44.25, 6.0]","[24, 13.5]","[42.25, 9.0]","(0, 0)"
246,"[47.5, 9.0]","[22.75, 15.0]","[37.75, 6.0]","[22.75, 9.0]","[26, 6.0]","[22.75, 15.0]","[39.0, 9.0]","[19.5, 21.0]","(0, 0)","[42.25, 9.0]"
247,"(0, 0)","[20.75, 21.0]","[44.25, 16.5]","[22.75, 12.0]","(0, 0)","(0, 0)","[34.5, 12.0]","[35.75, 22.5]","(0, 0)","[41.0, 22.5]"
248,"(0, 0)","[20.75, 10.5]","[24, 18.0]","[19.5, 21.0]","(0, 0)","(0, 0)","[32.5, 6.0]","[37.75, 18.0]","[24, 21.0]","[32.5, 18.0]"
249,"(0, 0)","[20.75, 9.0]","(0, 0)","[20.75, 18.0]","(0, 0)","(0, 0)","(0, 0)","[52.0, 10.5]","[45.5, 22.5]","[24, 21.0]"
250,"[22.75, 6.0]","(0, 0)","(0, 0)","[24, 21.0]","[45.5, 13.5]","[19.5, 21.0]","[22.75, 13.5]","[34.5, 9.0]","[20.75, 9.0]","[19.5, 21.0]"
251,"[26, 10.5]","[15.25, 12.0]","[34.5, 13.5]","[34.5, 13.5]","[52.0, 13.5]","(0, 0)","[22.75, 15.0]","[32.5, 10.5]","(0, 0)","[15.25, 10.5]"
252,"[19.5, 21.0]","[39.0, 9.0]","[37.75, 16.5]","[39.0, 16.5]","[41.0, 15.0]","(0, 0)","[15.25, 21.0]","[20.75, 6.0]","[24, 21.0]","(0, 0)"
253,"[15.25, 21.0]","(0, 0)","(0, 0)","[47.5, 12.0]","[35.75, 15.0]","(0, 0)","[19.5, 21.0]","(0, 0)","(0, 0)","[42.25, 9.0]"
254,"[20.75, 12.0]","(0, 0)","[34.5, 13.5]","[26, 10.5]","[24, 18.0]","[26, 15.0]","[24, 13.5]","(0, 0)","(0, 0)","(0, 0)"
255,"(0, 0)","[20.75, 12.0]","(0, 0)","(0, 0)","[24, 10.5]","(0, 0)","[44.25, 22.5]","[20.75, 6.0]","(0, 0)","(0, 0)"
256,"(0, 0)","[19.5, 21.0]","(0, 0)","(0, 0)","[22.75, 6.0]","[26, 15.0]","(0, 0)","[20.75, 9.0]","[34.5, 15.0]","(0, 0)"
257,"(0, 0)","[26, 15.0]","[19.5, 12.0]","(0, 0)","[22.75, 10.5]","(0, 0)","(0, 0)","[19.5, 21.0]","[34.5, 9.0]","[19.5, 21.0]"
258,"[22.75, 13.5]","[35.75, 18.0]","[19.5, 21.0]","[47.5, 21.0]","(0, 0)","(0, 0)","[28.0, 18.0]","[26, 21.0]","[39.0, 9.0]","[37.75, 21.0]"
259,"[26, 22.5]","[37.75, 13.5]","[22.75, 13.5]","[31.25, 13.5]","[26, 10.5]","[20.75, 18.0]","[41.0, 16.5]","[37.75, 21.0]","[47.5, 9.0]","(0, 0)"
260,"[28.0, 15.0]","[39.0, 9.0]","[22.75, 12.0]","[29.25, 6.0]","[45.5, 13.5]","[34.5, 21.0]","(0, 0)","[47.5, 12.0]","[47.5, 10.5]","(0, 0)"
261,"[37.75, 21.0]","[34.5, 13.5]","[31.25, 21.0]","(0, 0)","(0, 0)","[41.0, 15.0]","[28.0, 18.0]","[24, 6.0]","[52.0, 13.5]","(0, 0)"
262,"[35.75, 18.0]","[22.75, 15.0]","[41.0, 15.0]","[22.75, 12.0]","(0, 0)","[47.5, 21.0]","(0, 0)","[15.25, 6.0]","[45.5, 22.5]","[15.25, 21.0]"
263,"[24, 16.5]","[22.75, 12.0]","[45.5, 13.5]","[19.5, 21.0]","[19.5, 21.0]","[45.5, 15.0]","(0, 0)","(0, 0)","[19.5, 21.0]","[19.5, 21.0]"
264,"[24, 13.5]","(0, 0)","[42.25, 12.0]","[47.5, 21.0]","[22.75, 15.0]","[45.5, 12.0]","[35.75, 13.5]","[20.75, 6.0]","(0, 0)","[22.75, 21.0]"
265,"[26, 6.0]","[20.75, 12.0]","[32.5, 6.0]","(0, 0)","[22.75, 13.5]","[44.25, 10.5]","[19.5, 21.0]","(0, 0)","(0, 0)","[24, 19.5]"
266,"(0, 0)","(0, 0)","[20.75, 9.0]","(0, 0)","[20.75, 9.0]","[24, 9.0]","[22.75, 10.5]","(0, 0)","(0, 0)","[32.5, 21.0]"
267,"[20.75, 6.0]","(0, 0)","(0, 0)","[48.75, 9.0]","(0, 0)","[24, 6.0]","(0, 0)","[35.75, 21.0]","[22.75, 10.5]","[44.25, 21.0]"
268,"[20.75, 12.0]","[20.75, 9.0]","[19.5, 12.0]","[45.5, 19.5]","[42.25, 12.0]","(0, 0)","[35.75, 13.5]","[35.75, 13.5]","[19.5, 21.0]","[45.5, 21.0]"
269,"[22.75, 13.5]","[20.75, 10.5]","(0, 0)","[37.75, 21.0]","[37.75, 21.0]","[20.75, 18.0]","(0, 0)","[31.25, 22.5]","[31.25, 16.5]","[45.5, 19.5]"
270,"(0, 0)","[19.5, 21.0]","(0, 0)","[37.75, 13.5]","[34.5, 16.5]","(0, 0)","(0, 0)","[31.25, 16.5]","[45.5, 22.5]","[45.5, 15.0]"
271,"(0, 0)","[32.5, 21.0]","[26, 15.0]","[28.0, 22.5]","[19.5, 21.0]","(0, 0)","(0, 0)","[19.5, 21.0]","[47.5, 12.0]","[47.5, 6.0]"
272,"(0, 0)","[37.75, 15.0]","[24, 21.0]","[24, 21.0]","(0, 0)","[47.5, 18.0]","[22.75, 12.0]","[22.75, 13.5]","[44.25, 10.5]","[39.0, 9.0]"
273,"[20.75, 6.0]","[37.75, 13.5]","[24, 13.5]","[24, 13.5]","(0, 0)","[47.5, 13.5]","[19.5, 21.0]","[22.75, 12.0]","[39.0, 9.0]","[20.75, 9.0]"
274,"[28.0, 9.0]","[44.25, 22.5]","[24, 10.5]","[24, 6.0]","[26, 16.5]","[47.5, 21.0]","[44.25, 16.5]","(0, 0)","[37.75, 6.0]","[20.75, 6.0]"
275,"[39.0, 9.0]","[47.5, 21.0]","[22.75, 12.0]","[20.75, 9.0]","[31.25, 22.5]","[45.5, 12.0]","[50.75, 12.0]","[24, 10.5]","[24, 10.5]","(0, 0)"
276,"[41.0, 10.5]","[47.5, 12.0]","[19.5, 21.0]","(0, 0)","[31.25, 12.0]","[34.5, 12.0]","[31.25, 6.0]","[47.5, 12.0]","(0, 0)","[15.25, 21.0]"
277,"[31.25, 18.0]","[32.5, 6.0]","[20.75, 15.0]","[22.75, 12.0]","[34.5, 13.5]","(0, 0)","[26, 6.0]","[35.75, 21.0]","[22.75, 10.5]","(0, 0)"
278,"[26, 22.5]","(0, 0)","[20.75, 12.0]","[19.5, 21.0]","[37.75, 13.5]","[15.25, 10.5]","(0, 0)","(0, 0)","(0, 0)","(0, 0)"
279,"[19.5, 21.0]","[20.75, 9.0]","[20.75, 9.0]","[26, 13.5]","[41.0, 10.5]","[22.75, 10.5]","(0, 0)","(0, 0)","(0, 0)","[31.25, 6.0]"
280,"[24, 21.0]","(0, 0)","(0, 0)","[35.75, 10.5]","[22.75, 12.0]","[22.75, 13.5]","(0, 0)","[22.75, 12.0]","[44.25, 15.0]","[22.75, 13.5]"
281,"[24, 13.5]","(0, 0)","[47.5, 12.0]","[39.0, 12.0]","[20.75, 9.0]","[41.0, 13.5]","[26, 16.5]","[19.5, 21.0]","[35.75, 22.5]","(0, 0)"
282,"(0, 0)","(0, 0)","[41.0, 15.0]","[48.75, 9.0]","(0, 0)","[47.5, 18.0]","[31.25, 16.5]","[24, 12.0]","[31.25, 19.5]","[47.5, 6.0]"
283,"(0, 0)","[20.75, 22.5]","[35.75, 22.5]","(0, 0)","[19.5, 15.0]","(0, 0)","[37.75, 21.0]","[24, 13.5]","[22.75, 18.0]","[31.25, 6.0]"
284,"(0, 0)","(0, 0)","[35.75, 19.5]","(0, 0)","[15.25, 21.0]","(0, 0)","[47.5, 12.0]","[31.25, 16.5]","[19.5, 21.0]","(0, 0)"
285,"(0, 0)","(0, 0)","[34.5, 15.0]","[19.5, 12.0]","[26, 16.5]","[22.75, 13.5]","[47.5, 9.0]","[39.0, 18.0]","[20.75, 15.0]","(0, 0)"
286,"[31.25, 6.0]","(0, 0)","[26, 15.0]","[19.5, 21.0]","(0, 0)","[28.0, 21.0]","[28.0, 9.0]","[32.5, 9.0]","[20.75, 9.0]","[28.0, 18.0]"
287,"[31.25, 16.5]","[19.5, 21.0]","(0, 0)","[37.75, 21.0]","(0, 0)","[45.5, 16.5]","[22.75, 9.0]","[20.75, 6.0]","(0, 0)","(0, 0)"
288,"[41.0, 15.0]","(0, 0)","(0, 0)","[41.0, 16.5]","[19.5, 21.0]","[41.0, 16.5]","[22.75, 12.0]","(0, 0)","[24, 6.0]","[28.0, 18.0]"
289,"[44.25, 19.5]","[19.5, 21.0]","[22.75, 10.5]","[44.25, 16.5]","[20.75, 6.0]","[41.0, 10.5]","[22.75, 6.0]","[22.75, 12.0]","[34.5, 6.0]","(0, 0)"
290,"[52.0, 13.5]","(0, 0)","[24, 18.0]","[45.5, 13.5]","(0, 0)","[32.5, 6.0]","(0, 0)","(0, 0)","[37.75, 10.5]","(0, 0)"
291,"[35.75, 21.0]","(0, 0)","[24, 19.5]","[48.75, 21.0]","[22.75, 6.0]","[26, 6.0]","[20.75, 9.0]","(0, 0)","[47.5, 9.0]","[35.75, 13.5]"
292,"[24, 21.0]","[44.25, 22.5]","[24, 21.0]","[47.5, 10.5]","[26, 6.0]","[20.75, 12.0]","[20.75, 12.0]","[15.25, 10.5]","[47.5, 18.0]","[41.0, 15.0]"
293,"[19.5, 21.0]","[42.25, 16.5]","[26, 15.0]","[32.5, 9.0]","[31.25, 10.5]","(0, 0)","[19.5, 21.0]","(0, 0)","[44.25, 15.0]","[45.5, 15.0]"
294,"[20.75, 9.0]","[24, 18.0]","[37.75, 12.0]","[20.75, 9.0]","[31.25, 16.5]","[24, 10.5]","[26, 16.5]","[20.75, 9.0]","(0, 0)","[42.25, 12.0]"
295,"(0, 0)","[24, 16.5]","[32.5, 6.0]","(0, 0)","[35.75, 16.5]","[24, 12.0]","(0, 0)","[52.0, 12.0]","(0, 0)","(0, 0)"
296,"(0, 0)","[24, 21.0]","[20.75, 9.0]","[19.5, 12.0]","[44.25, 22.5]","[24, 19.5]","(0, 0)","[52.0, 10.5]","[15.25, 12.0]","[35.75, 13.5]"
297,"(0, 0)","[19.5, 21.0]","(0, 0)","(0, 0)","[42.25, 13.5]","[22.75, 13.5]","[22.75, 10.5]","[45.5, 10.5]","(0, 0)","(0, 0)"
298,"[26, 12.0]","[22.75, 13.5]","[22.75, 10.5]","(0, 0)","[52.0, 9.0]","(0, 0)","[22.75, 13.5]","[45.5, 15.0]","[20.75, 9.0]","(0, 0)"
299,"[26, 6.0]","[20.75, 9.0]","(0, 0)","[24, 12.0]","[39.0, 12.0]","(0, 0)","[19.5, 18.0]","[47.5, 21.0]","[24, 9.0]","[24, 10.5]"
300,"[37.75, 12.0]","(0, 0)","(0, 0)","(0, 0)","[19.5, 21.0]","[26, 21.0]","[24, 12.0]","[44.25, 18.0]","[34.5, 9.0]","[24, 21.0]"
301,"[45.5, 10.5]","[28.0, 6.0]","(0, 0)","[24, 12.0]","(0, 0)","[20.75, 18.0]","[26, 10.5]","[41.0, 15.0]","[41.0, 13.5]","[26, 15.0]"
302,"[44.25, 21.0]","[31.25, 9.0]","[34.5, 18.0]","(0, 0)","(0, 0)","[24, 21.0]","[26, 13.5]","[24, 16.5]","[41.0, 15.0]","[41.0, 15.0]"
303,"[39.0, 15.0]","[32.5, 18.0]","(0, 0)","(0, 0)","[19.5, 15.0]","[24, 10.5]","[28.0, 18.0]","[15.25, 10.5]","[26, 19.5]","[42.25, 16.5]"
304,"[24, 16.5]","[44.25, 22.5]","(0, 0)","[41.0, 15.0]","(0, 0)","[24, 6.0]","[47.5, 22.5]","(0, 0)","[22.75, 13.5]","[47.5, 21.0]"
305,"[20.75, 21.0]","(0, 0)","(0, 0)","[39.0, 13.5]","[19.5, 15.0]","(0, 0)","[41.0, 10.5]","(0, 0)","[15.25, 12.0]","[44.25, 16.5]"
306,"[20.75, 16.5]","(0, 0)","[52.0, 6.0]","[35.75, 21.0]","(0, 0)","[29.25, 10.5]","[32.5, 6.0]","[15.25, 21.0]","(0, 0)","[44.25, 10.5]"
307,"[20.75, 12.0]","[45.5, 10.5]","(0, 0)","[32.5, 18.0]","(0, 0)","[32.5, 12.0]","[32.5, 9.0]","[20.75, 12.0]","(0, 0)","[50.75, 6.0]"
308,"(0, 0)","[45.5, 13.5]","[52.0, 6.0]","[32.5, 6.0]","(0, 0)","[41.0, 15.0]","(0, 0)","(0, 0)","(0, 0)","[32.5, 6.0]"
309,"[15.25, 12.0]","[45.5, 22.5]","(0, 0)","[29.25, 6.0]","[45.5, 22.5]","[26, 21.0]","[22.75, 10.5]","[24, 9.0]","[47.5, 22.5]","[22.75, 12.0]"
310,"[19.5, 21.0]","[44.25, 16.5]","(0, 0)","[29.25, 13.5]","(0, 0)","(0, 0)","(0, 0)","[31.25, 6.0]","(0, 0)","(0, 0)"
311,"[22.75, 13.5]","[34.5, 16.5]","[19.5, 21.0]","(0, 0)","(0, 0)","(0, 0)","(0, 0)","[47.5, 10.5]","(0, 0)","[24, 10.5]"
312,"[22.75, 12.0]","[31.25, 18.0]","(0, 0)","[44.25, 9.0]","(0, 0)","[22.75, 6.0]","[26, 15.0]","[45.5, 16.5]","(0, 0)","(0, 0)"
313,"[26, 12.0]","[26, 15.0]","[19.5, 21.0]","[50.75, 10.5]","[26, 12.0]","[22.75, 12.0]","[26, 6.0]","[22.75, 21.0]","[42.25, 12.0]","(0, 0)"
314,"(0, 0)","[24, 21.0]","(0, 0)","[52.0, 13.5]","(0, 0)","[22.75, 13.5]","[24, 9.0]","[15.25, 21.0]","[41.0, 9.0]","[20.75, 10.5]"
315,"(0, 0)","[22.75, 13.5]","(0, 0)","[41.0, 15.0]","[26, 12.0]","[19.5, 18.0]","[24, 10.5]","(0, 0)","[41.0, 13.5]","[20.75, 16.5]"
316,"[48.75, 12.0]","[19.5, 21.0]","[32.5, 6.0]","(0, 0)","(0, 0)","[24, 21.0]","(0, 0)","(0, 0)","[37.75, 21.0]","[22.75, 12.0]"
317,"[41.0, 15.0]","[20.75, 18.0]","[32.5, 10.5]","(0, 0)","(0, 0)","[24, 15.0]","[19.5, 9.0]","[42.25, 15.0]","[22.75, 13.5]","[22.75, 6.0]"
318,"[34.5, 19.5]","[20.75, 9.0]","[32.5, 15.0]","[19.5, 9.0]","[41.0, 10.5]","[24, 13.5]","[20.75, 13.5]","[20.75, 10.5]","[19.5, 16.5]","[24, 6.0]"
319,"[34.5, 13.5]","(0, 0)","[50.75, 13.5]","[24, 6.0]","[44.25, 10.5]","[28.0, 15.0]","[20.75, 9.0]","(0, 0)","[15.25, 10.5]","[26, 10.5]"
320,"[32.5, 22.5]","[45.5, 10.5]","[47.5, 19.5]","[24, 15.0]","[47.5, 6.0]","[35.75, 13.5]","[39.0, 9.0]","[42.25, 15.0]","(0, 0)","[26, 16.5]"
321,"[24, 18.0]","(0, 0)","[44.25, 15.0]","[39.0, 16.5]","[45.5, 10.5]","[37.75, 13.5]","[41.0, 10.5]","(0, 0)","[44.25, 12.0]","[35.75, 21.0]"
322,"[19.5, 21.0]","(0, 0)","[41.0, 15.0]","[41.0, 15.0]","[42.25, 18.0]","[44.25, 12.0]","[41.0, 15.0]","(0, 0)","[47.5, 15.0]","[37.75, 18.0]"
323,"[20.75, 12.0]","[35.75, 12.0]","[41.0, 10.5]","[41.0, 16.5]","[22.75, 19.5]","[50.75, 9.0]","[44.25, 15.0]","[20.75, 15.0]","[42.25, 12.0]","[47.5, 22.5]"
324,"[20.75, 9.0]","[47.5, 6.0]","(0, 0)","[41.0, 18.0]","(0, 0)","[20.75, 6.0]","[52.0, 13.5]","[19.5, 19.5]","(0, 0)","[39.0, 9.0]"
325,"(0, 0)","[50.75, 12.0]","[32.5, 6.0]","[42.25, 15.0]","[24, 6.0]","(0, 0)","[26, 15.0]","[24, 22.5]","(0, 0)","(0, 0)"
326,"[48.75, 12.0]","[45.5, 15.0]","(0, 0)","[44.25, 18.0]","[34.5, 12.0]","[22.75, 6.0]","(0, 0)","[41.0, 15.0]","[22.75, 13.5]","[20.75, 10.5]"
327,"(0, 0)","[41.0, 15.0]","(0, 0)","[47.5, 9.0]","[41.0, 10.5]","(0, 0)","(0, 0)","[41.0, 13.5]","[24, 21.0]","(0, 0)"
328,"(0, 0)","[24, 16.5]","[22.75, 13.5]","[35.75, 9.0]","(0, 0)","(0, 0)","[41.0, 13.5]","[47.5, 21.0]","[24, 16.5]","(0, 0)"
329,"[34.5, 6.0]","[24, 10.5]","[22.75, 15.0]","(0, 0)","(0, 0)","[26, 16.5]","[34.5, 16.5]","[50.75, 9.0]","[44.25, 21.0]","[26, 10.5]"
330,"[44.25, 10.5]","(0, 0)","[26, 15.0]","[19.5, 9.0]","[41.0, 13.5]","[26, 15.0]","[26, 13.5]","[26, 6.0]","[41.0, 15.0]","[26, 15.0]"
331,"[44.25, 22.5]","[35.75, 12.0]","[45.5, 18.0]","(0, 0)","[41.0, 15.0]","[22.75, 16.5]","[26, 12.0]","(0, 0)","[32.5, 12.0]","[26, 16.5]"
332,"[45.5, 18.0]","(0, 0)","[47.5, 9.0]","(0, 0)","[41.0, 18.0]","[20.75, 22.5]","[24, 18.0]","[20.75, 15.0]","(0, 0)","[45.5, 22.5]"
333,"[45.5, 13.5]","(0, 0)","[48.75, 6.0]","[22.75, 12.0]","[26, 22.5]","[20.75, 16.5]","[24, 10.5]","(0, 0)","[15.25, 10.5]","[34.5, 15.0]"
334,"[45.5, 12.0]","[50.75, 9.0]","[41.0, 10.5]","[22.75, 13.5]","[22.75, 13.5]","[20.75, 10.5]","[24, 9.0]","(0, 0)","[22.75, 13.5]","[24, 21.0]"
335,"[52.0, 13.5]","[48.75, 10.5]","[34.5, 10.5]","[24, 16.5]","[19.5, 19.5]","(0, 0)","[20.75, 10.5]","[28.0, 12.0]","(0, 0)","[22.75, 12.0]"
336,"[26, 15.0]","[45.5, 15.0]","[24, 6.0]","[41.0, 18.0]","[15.25, 10.5]","[15.25, 12.0]","(0, 0)","[24, 16.5]","(0, 0)","(0, 0)"
337,"[26, 18.0]","[45.5, 13.5]","(0, 0)","[41.0, 15.0]","(0, 0)","[24, 9.0]","[39.0, 9.0]","[22.75, 13.5]","[37.75, 18.0]","[20.75, 12.0]"
338,"[20.75, 21.0]","[42.25, 6.0]","[22.75, 13.5]","[26, 6.0]","[37.75, 12.0]","[24, 13.5]","[50.75, 9.0]","[19.5, 18.0]","[22.75, 13.5]","[26, 10.5]"
339,"[19.5, 21.0]","[41.0, 10.5]","(0, 0)","[20.75, 12.0]","[39.0, 12.0]","[24, 16.5]","[44.25, 19.5]","[20.75, 12.0]","(0, 0)","(0, 0)"
340,"(0, 0)","[41.0, 15.0]","(0, 0)","(0, 0)","[44.25, 9.0]","[24, 19.5]","[41.0, 13.5]","(0, 0)","[37.75, 18.0]","(0, 0)"
341,"[34.5, 6.0]","[39.0, 15.0]","(0, 0)","[22.75, 12.0]","[41.0, 13.5]","[39.0, 15.0]","(0, 0)","[48.75, 12.0]","(0, 0)","[22.75, 12.0]"
342,"(0, 0)","[28.0, 12.0]","[20.75, 9.0]","(0, 0)","(0, 0)","[47.5, 22.5]","(0, 0)","[28.0, 12.0]","(0, 0)","[22.75, 16.5]"
343,"(0, 0)","(0, 0)","[24, 9.0]","(0, 0)","(0, 0)","[26, 16.5]","[44.25, 12.0]","(0, 0)","[19.5, 9.0]","[24, 13.5]"
344,"[24, 9.0]","[50.75, 9.0]","[41.0, 22.5]","[20.75, 9.0]","(0, 0)","(0, 0)","[44.25, 9.0]","(0, 0)","(0, 0)","[41.0, 15.0]"
345,"[24, 12.0]","(0, 0)","[22.75, 12.0]","[20.75, 22.5]","[24, 9.0]","(0, 0)","[44.25, 6.0]","[45.5, 15.0]","[19.5, 9.0]","[42.25, 15.0]"
346,"[26, 6.0]","(0, 0)","(0, 0)","[22.75, 18.0]","(0, 0)","[44.25, 21.0]","[41.0, 10.5]","[42.25, 16.5]","(0, 0)","[26, 10.5]"
347,"[26, 16.5]","[24, 12.0]","(0, 0)","[22.75, 13.5]","(0, 0)","[22.75, 19.5]","[29.25, 12.0]","[24, 16.5]","(0, 0)","[20.75, 10.5]"
348,"[28.0, 18.0]","[24, 21.0]","(0, 0)","[24, 15.0]","(0, 0)","[20.75, 6.0]","[28.0, 16.5]","[24, 13.5]","(0, 0)","[15.25, 10.5]"
349,"[35.75, 21.0]","[22.75, 22.5]","(0, 0)","[24, 6.0]","(0, 0)","(0, 0)","[26, 16.5]","[24, 10.5]","[22.75, 12.0]","(0, 0)"
350,"[45.5, 19.5]","[22.75, 13.5]","[20.75, 10.5]","[26, 12.0]","[20.75, 10.5]","[31.25, 9.0]","[24, 19.5]","[15.25, 10.5]","(0, 0)","[22.75, 12.0]"
351,"[47.5, 21.0]","[20.75, 12.0]","[24, 9.0]","[41.0, 10.5]","[28.0, 6.0]","[44.25, 21.0]","[24, 10.5]","(0, 0)","(0, 0)","(0, 0)"
352,"[47.5, 9.0]","(0, 0)","[24, 12.0]","[44.25, 12.0]","[39.0, 9.0]","(0, 0)","[15.25, 10.5]","[20.75, 6.0]","(0, 0)","(0, 0)"
353,"[41.0, 10.5]","[29.25, 10.5]","[24, 13.5]","(0, 0)","[47.5, 22.5]","(0, 0)","(0, 0)","[20.75, 9.0]","[26, 6.0]","(0, 0)"
354,"[41.0, 15.0]","[41.0, 10.5]","[24, 16.5]","[20.75, 9.0]","[48.75, 16.5]","[34.5, 12.0]","[19.5, 9.0]","[20.75, 12.0]","[44.25, 9.0]","[22.75, 13.5]"
355,"[37.75, 13.5]","[37.75, 21.0]","[26, 15.0]","(0, 0)","[41.0, 18.0]","[24, 12.0]","[19.5, 18.0]","[20.75, 22.5]","[44.25, 21.0]","[28.0, 16.5]"
356,"[32.5, 10.5]","[28.0, 12.0]","[35.75, 13.5]","(0, 0)","[34.5, 16.5]","[22.75, 12.0]","[44.25, 12.0]","[22.75, 21.0]","[41.0, 15.0]","[44.25, 21.0]"
357,"[15.25, 6.0]","[24, 12.0]","[42.25, 12.0]","[32.5, 21.0]","[24, 16.5]","(0, 0)","(0, 0)","[22.75, 12.0]","[37.75, 18.0]","[48.75, 12.0]"
358,"[15.25, 10.5]","(0, 0)","[22.75, 12.0]","[28.0, 16.5]","[24, 15.0]","[15.25, 10.5]","(0, 0)","[32.5, 15.0]","[20.75, 22.5]","[41.0, 10.5]"
359,"(0, 0)","(0, 0)","(0, 0)","[24, 21.0]","[15.25, 12.0]","[15.25, 6.0]","[24, 12.0]","[45.5, 15.0]","[24, 21.0]","[41.0, 13.5]"
360,"[22.75, 12.0]","[15.25, 10.5]","(0, 0)","[24, 13.5]","(0, 0)","[19.5, 9.0]","[24, 10.5]","(0, 0)","[24, 9.0]","[24, 13.5]"
361,"[24, 9.0]","(0, 0)","(0, 0)","[19.5, 21.0]","(0, 0)","[19.5, 21.0]","[24, 9.0]","(0, 0)","(0, 0)","[24, 6.0]"
362,"(0, 0)","[22.75, 12.0]","[41.0, 15.0]","[22.75, 13.5]","(0, 0)","[20.75, 22.5]","[20.75, 12.0]","[22.75, 13.5]","[26, 6.0]","(0, 0)"
363,"(0, 0)","[32.5, 9.0]","[26, 13.5]","(0, 0)","[26, 15.0]","[26, 16.5]","(0, 0)","[20.75, 22.5]","(0, 0)","(0, 0)"
364,"(0, 0)","[35.75, 13.5]","[24, 18.0]","[48.75, 6.0]","[22.75, 16.5]","[32.5, 18.0]","[22.75, 12.0]","[20.75, 10.5]","(0, 0)","(0, 0)"
365,"[47.5, 6.0]","[35.75, 21.0]","[22.75, 13.5]","[47.5, 22.5]","[22.75, 13.5]","[44.25, 16.5]","[22.75, 13.5]","[20.75, 6.0]","[45.5, 19.5]","[19.5, 21.0]"
366,"[45.5, 15.0]","[41.0, 13.5]","[22.75, 15.0]","[37.75, 21.0]","[22.75, 10.5]","[44.25, 6.0]","[41.0, 15.0]","(0, 0)","[20.75, 12.0]","[20.75, 12.0]"
367,"[41.0, 13.5]","[42.25, 18.0]","[19.5, 18.0]","[32.5, 21.0]","[20.75, 18.0]","[48.75, 12.0]","[52.0, 13.5]","[24, 13.5]","(0, 0)","[20.75, 9.0]"
368,"[35.75, 22.5]","[45.5, 16.5]","[19.5, 21.0]","(0, 0)","[20.75, 12.0]","[34.5, 12.0]","[24, 12.0]","[37.75, 13.5]","[45.5, 19.5]","(0, 0)"
369,"[32.5, 9.0]","[44.25, 15.0]","[20.75, 22.5]","(0, 0)","[20.75, 10.5]","(0, 0)","(0, 0)","[37.75, 21.0]","(0, 0)","[15.25, 9.0]"
370,"[24, 6.0]","[47.5, 9.0]","[20.75, 12.0]","[22.75, 13.5]","[19.5, 9.0]","(0, 0)","(0, 0)","[52.0, 13.5]","(0, 0)","[39.0, 9.0]"
371,"(0, 0)","[15.25, 10.5]","(0, 0)","[22.75, 10.5]","(0, 0)","[28.0, 13.5]","[22.75, 6.0]","[41.0, 15.0]","[47.5, 9.0]","[42.25, 9.0]"
372,"(0, 0)","(0, 0)","[34.5, 9.0]","[26, 6.0]","[39.0, 9.0]","(0, 0)","[22.75, 12.0]","[22.75, 13.5]","[41.0, 10.5]","[35.75, 15.0]"
373,"(0, 0)","(0, 0)","[41.0, 15.0]","[26, 15.0]","[45.5, 16.5]","[28.0, 13.5]","[22.75, 13.5]","(0, 0)","[37.75, 21.0]","[19.5, 21.0]"
374,"[44.25, 10.5]","[22.75, 13.5]","(0, 0)","[29.25, 13.5]","[26, 15.0]","(0, 0)","[22.75, 18.0]","(0, 0)","[32.5, 19.5]","(0, 0)"
375,"[44.25, 12.0]","[20.75, 22.5]","(0, 0)","[52.0, 13.5]","(0, 0)","(0, 0)","[20.75, 22.5]","[45.5, 16.5]","[28.0, 13.5]","(0, 0)"
376,"[47.5, 22.5]","[20.75, 12.0]","[22.75, 13.5]","[50.75, 9.0]","(0, 0)","[24, 15.0]","[37.75, 13.5]","[20.75, 18.0]","[26, 12.0]","[24, 21.0]"
377,"[42.25, 16.5]","[20.75, 10.5]","[22.75, 15.0]","[41.0, 9.0]","[24, 21.0]","[26, 16.5]","[41.0, 19.5]","[20.75, 9.0]","[22.75, 12.0]","(0, 0)"
378,"[41.0, 15.0]","(0, 0)","[20.75, 22.5]","[37.75, 12.0]","[24, 16.5]","[26, 18.0]","[42.25, 12.0]","(0, 0)","[22.75, 13.5]","[24, 21.0]"
379,"[24, 15.0]","[24, 9.0]","[37.75, 18.0]","[32.5, 6.0]","[24, 13.5]","[28.0, 16.5]","[24, 10.5]","[22.75, 13.5]","[19.5, 21.0]","(0, 0)"
380,"[22.75, 12.0]","[48.75, 12.0]","[24, 9.0]","[24, 10.5]","[24, 9.0]","[39.0, 19.5]","(0, 0)","[45.5, 16.5]","[19.5, 9.0]","(0, 0)"
381,"(0, 0)","[44.25, 9.0]","[24, 6.0]","(0, 0)","[22.75, 13.5]","[41.0, 18.0]","[22.75, 6.0]","(0, 0)","(0, 0)","(0, 0)"
382,"[44.25, 10.5]","[34.5, 9.0]","(0, 0)","[20.75, 12.0]","[22.75, 12.0]","[42.25, 16.5]","(0, 0)","(0, 0)","[47.5, 9.0]","[22.75, 13.5]"
383,"(0, 0)","[34.5, 12.0]","[22.75, 13.5]","[22.75, 13.5]","[22.75, 10.5]","[45.5, 13.5]","(0, 0)","[48.75, 22.5]","(0, 0)","(0, 0)"
384,"(0, 0)","[28.0, 22.5]","(0, 0)","(0, 0)","(0, 0)","[37.75, 6.0]","[24, 18.0]","[48.75, 21.0]","(0, 0)","(0, 0)"
385,"[22.75, 6.0]","[28.0, 16.5]","(0, 0)","(0, 0)","[44.25, 12.0]","(0, 0)","[24, 10.5]","[32.5, 21.0]","[24, 6.0]","(0, 0)"
386,"[22.75, 12.0]","[22.75, 13.5]","[42.25, 15.0]","[22.75, 12.0]","[42.25, 15.0]","[22.75, 13.5]","[22.75, 6.0]","[32.5, 13.5]","[24, 10.5]","[20.75, 12.0]"
387,"[22.75, 13.5]","(0, 0)","[39.0, 9.0]","[22.75, 21.0]","[41.0, 15.0]","[24, 15.0]","(0, 0)","[34.5, 9.0]","[24, 15.0]","[22.75, 19.5]"
388,"[24, 18.0]","(0, 0)","[32.5, 6.0]","[15.25, 21.0]","[37.75, 13.5]","(0, 0)","[20.75, 12.0]","[26, 6.0]","[24, 21.0]","[22.75, 13.5]"
389,"[28.0, 15.0]","[24, 9.0]","[32.5, 12.0]","[41.0, 15.0]","[24, 21.0]","(0, 0)","[19.5, 21.0]","[26, 15.0]","[44.25, 21.0]","[24, 16.5]"
390,"[37.75, 12.0]","[24, 13.5]","[24, 10.5]","[44.25, 21.0]","(0, 0)","[42.25, 9.0]","[37.75, 16.5]","[22.75, 13.5]","[44.25, 18.0]","[41.0, 15.0]"
391,"[26, 15.0]","[24, 16.5]","[15.25, 10.5]","[42.25, 15.0]","(0, 0)","(0, 0)","[44.25, 16.5]","[22.75, 12.0]","[41.0, 15.0]","[45.5, 12.0]"
392,"[20.75, 13.5]","[24, 18.0]","(0, 0)","[42.25, 13.5]","[20.75, 6.0]","[42.25, 9.0]","[44.25, 10.5]","[19.5, 21.0]","[37.75, 13.5]","[52.0, 13.5]"
393,"[19.5, 9.0]","[28.0, 22.5]","[19.5, 12.0]","[42.25, 10.5]","(0, 0)","(0, 0)","[50.75, 12.0]","[20.75, 12.0]","[22.75, 13.5]","[34.5, 19.5]"
394,"(0, 0)","[41.0, 19.5]","[20.75, 18.0]","[50.75, 9.0]","[22.75, 9.0]","(0, 0)","[47.5, 21.0]","[20.75, 9.0]","[22.75, 18.0]","[29.25, 12.0]"
395,"[22.75, 6.0]","[41.0, 10.5]","[22.75, 13.5]","(0, 0)","[24, 21.0]","[22.75, 15.0]","[24, 18.0]","(0, 0)","[20.75, 13.5]","[26, 10.5]"
396,"(0, 0)","[42.25, 10.5]","[22.75, 15.0]","[22.75, 12.0]","[26, 21.0]","[19.5, 21.0]","(0, 0)","[24, 10.5]","(0, 0)","(0, 0)"
397,"(0, 0)","[45.5, 10.5]","[42.25, 15.0]","(0, 0)","[37.75, 13.5]","[24, 16.5]","(0, 0)","[24, 13.5]","[24, 6.0]","[20.75, 12.0]"
398,"[19.5, 9.0]","[31.25, 10.5]","(0, 0)","(0, 0)","[41.0, 13.5]","[35.75, 21.0]","[24, 6.0]","[44.25, 16.5]","(0, 0)","(0, 0)"
399,"[19.5, 13.5]","[20.75, 6.0]","(0, 0)","(0, 0)","[20.75, 6.0]","[34.5, 10.5]","[26, 6.0]","[48.75, 22.5]","(0, 0)","(0, 0)"
400,"[20.75, 21.0]","[20.75, 12.0]","[24, 10.5]","[35.75, 13.5]","(0, 0)","[48.75, 6.0]","[34.5, 12.0]","(0, 0)","[22.75, 15.0]","(0, 0)"
401,"[22.75, 22.5]","(0, 0)","(0, 0)","[35.75, 15.0]","(0, 0)","[26, 12.0]","[52.0, 6.0]","(0, 0)","[45.5, 16.5]","[32.5, 22.5]"
402,"[22.75, 13.5]","[22.75, 12.0]","[39.0, 15.0]","[35.75, 16.5]","[29.25, 6.0]","(0, 0)","[52.0, 10.5]","[19.5, 21.0]","[44.25, 21.0]","(0, 0)"
403,"[24, 21.0]","[24, 9.0]","[24, 10.5]","[44.25, 21.0]","[32.5, 9.0]","[22.75, 15.0]","[41.0, 16.5]","(0, 0)","[44.25, 12.0]","(0, 0)"
404,"[28.0, 21.0]","(0, 0)","(0, 0)","[34.5, 15.0]","[32.5, 18.0]","(0, 0)","[28.0, 15.0]","[19.5, 21.0]","[41.0, 15.0]","(0, 0)"
405,"[41.0, 15.0]","(0, 0)","(0, 0)","[26, 21.0]","[34.5, 15.0]","(0, 0)","[24, 19.5]","(0, 0)","[41.0, 10.5]","[22.75, 12.0]"
406,"[32.5, 6.0]","[20.75, 6.0]","[20.75, 10.5]","[19.5, 21.0]","[35.75, 19.5]","[45.5, 19.5]","[24, 18.0]","(0, 0)","[26, 10.5]","[22.75, 15.0]"
407,"[26, 6.0]","[20.75, 10.5]","[22.75, 21.0]","[20.75, 9.0]","[41.0, 15.0]","[34.5, 21.0]","[19.5, 21.0]","[20.75, 10.5]","[24, 6.0]","[24, 18.0]"
408,"[24, 9.0]","[26, 6.0]","[24, 16.5]","(0, 0)","[45.5, 15.0]","[34.5, 15.0]","[15.25, 10.5]","(0, 0)","[20.75, 10.5]","[24, 13.5]"
409,"[15.25, 10.5]","[28.0, 6.0]","[24, 13.5]","(0, 0)","[37.75, 9.0]","[32.5, 19.5]","(0, 0)","[22.75, 13.5]","(0, 0)","[24, 9.0]"
410,"(0, 0)","[28.0, 15.0]","[26, 21.0]","(0, 0)","[26, 6.0]","[19.5, 21.0]","[20.75, 9.0]","[24, 13.5]","[22.75, 15.0]","[24, 6.0]"
411,"[19.5, 9.0]","[35.75, 21.0]","[42.25, 16.5]","[24, 9.0]","[24, 12.0]","[24, 12.0]","[20.75, 10.5]","[32.5, 15.0]","(0, 0)","[26, 10.5]"
412,"(0, 0)","[45.5, 16.5]","[44.25, 18.0]","[24, 10.5]","[24, 13.5]","[20.75, 9.0]","[24, 6.0]","[34.5, 18.0]","(0, 0)","[39.0, 9.0]"
413,"(0, 0)","[39.0, 12.0]","[47.5, 16.5]","[22.75, 6.0]","[22.75, 16.5]","(0, 0)","(0, 0)","[41.0, 22.5]","[20.75, 10.5]","[44.25, 10.5]"
414,"[41.0, 10.5]","[24, 12.0]","[47.5, 18.0]","[22.75, 13.5]","[19.5, 21.0]","[44.25, 9.0]","(0, 0)","[44.25, 22.5]","[20.75, 13.5]","[44.25, 22.5]"
415,"[41.0, 15.0]","[24, 15.0]","[35.75, 13.5]","[19.5, 21.0]","[20.75, 22.5]","[45.5, 19.5]","[24, 6.0]","[47.5, 21.0]","[20.75, 6.0]","[41.0, 13.5]"
416,"[42.25, 16.5]","[22.75, 16.5]","[29.25, 10.5]","[19.5, 15.0]","[20.75, 12.0]","(0, 0)","[20.75, 10.5]","[45.5, 15.0]","(0, 0)","[20.75, 12.0]"
417,"[44.25, 21.0]","[22.75, 15.0]","(0, 0)","[15.25, 10.5]","(0, 0)","(0, 0)","(0, 0)","[42.25, 12.0]","[15.25, 10.5]","[20.75, 10.5]"
418,"[28.0, 16.5]","[22.75, 13.5]","[20.75, 10.5]","(0, 0)","[15.25, 10.5]","[22.75, 21.0]","[22.75, 9.0]","[39.0, 9.0]","[26, 6.0]","[19.5, 6.0]"
419,"[28.0, 15.0]","[19.5, 13.5]","(0, 0)","[20.75, 12.0]","[15.25, 6.0]","(0, 0)","[22.75, 18.0]","[20.75, 10.5]","[34.5, 12.0]","(0, 0)"
420,"[26, 16.5]","(0, 0)","(0, 0)","[20.75, 10.5]","[28.0, 9.0]","[22.75, 21.0]","[19.5, 21.0]","(0, 0)","[35.75, 16.5]","[22.75, 12.0]"
421,"[20.75, 12.0]","[20.75, 6.0]","[44.25, 18.0]","[26, 6.0]","[29.25, 6.0]","(0, 0)","[28.0, 15.0]","(0, 0)","[39.0, 12.0]","(0, 0)"
422,"[20.75, 10.5]","(0, 0)","[44.25, 10.5]","[32.5, 6.0]","(0, 0)","(0, 0)","[42.25, 16.5]","[24, 12.0]","[41.0, 10.5]","(0, 0)"
423,"[20.75, 9.0]","(0, 0)","[47.5, 10.5]","[45.5, 10.5]","(0, 0)","(0, 0)","[48.75, 12.0]","[24, 9.0]","[50.75, 9.0]","[44.25, 18.0]"
424,"(0, 0)","[48.75, 12.0]","[47.5, 16.5]","[45.5, 21.0]","[32.5, 13.5]","[24, 21.0]","[50.75, 9.0]","[24, 6.0]","[24, 9.0]","[35.75, 21.0]"
425,"[24, 9.0]","[52.0, 13.5]","[45.5, 19.5]","[44.25, 21.0]","(0, 0)","[39.0, 9.0]","[24, 6.0]","[31.25, 12.0]","[20.75, 10.5]","[35.75, 13.5]"
426,"[48.75, 10.5]","[37.75, 18.0]","[37.75, 19.5]","[47.5, 21.0]","[32.5, 13.5]","[34.5, 9.0]","(0, 0)","[48.75, 22.5]","(0, 0)","[35.75, 10.5]"
427,"[41.0, 10.5]","[29.25, 13.5]","[19.5, 21.0]","[52.0, 12.0]","(0, 0)","(0, 0)","(0, 0)","[41.0, 15.0]","(0, 0)","[31.25, 10.5]"
428,"(0, 0)","[24, 19.5]","[22.75, 13.5]","[41.0, 10.5]","(0, 0)","(0, 0)","[20.75, 12.0]","[35.75, 16.5]","(0, 0)","[26, 6.0]"
429,"(0, 0)","[22.75, 16.5]","[20.75, 9.0]","[24, 9.0]","[22.75, 16.5]","(0, 0)","[24, 16.5]","[26, 15.0]","[22.75, 6.0]","(0, 0)"
430,"[20.75, 12.0]","[22.75, 15.0]","(0, 0)","(0, 0)","[22.75, 12.0]","[15.25, 10.5]","[24, 6.0]","[26, 6.0]","[22.75, 12.0]","[19.5, 21.0]"
431,"(0, 0)","[22.75, 6.0]","[35.75, 9.0]","(0, 0)","[19.5, 19.5]","[19.5, 21.0]","[45.5, 6.0]","[22.75, 12.0]","[19.5, 18.0]","[34.5, 22.5]"
432,"[15.25, 10.5]","(0, 0)","[41.0, 10.5]","[35.75, 19.5]","[19.5, 21.0]","[24, 13.5]","[45.5, 15.0]","(0, 0)","[19.5, 21.0]","[47.5, 15.0]"
433,"[19.5, 9.0]","[20.75, 12.0]","[44.25, 18.0]","[34.5, 16.5]","[20.75, 10.5]","[35.75, 22.5]","[45.5, 19.5]","[24, 12.0]","[32.5, 19.5]","[47.5, 13.5]"
434,"[22.75, 12.0]","[39.0, 9.0]","(0, 0)","(0, 0)","(0, 0)","[35.75, 15.0]","[47.5, 22.5]","(0, 0)","[37.75, 21.0]","[44.25, 18.0]"
435,"[22.75, 13.5]","[48.75, 12.0]","(0, 0)","[35.75, 19.5]","[28.0, 6.0]","[45.5, 15.0]","[37.75, 15.0]","(0, 0)","[28.0, 21.0]","(0, 0)"
436,"[26, 15.0]","(0, 0)","(0, 0)","(0, 0)","[44.25, 6.0]","[39.0, 9.0]","[34.5, 16.5]","[24, 9.0]","[24, 13.5]","(0, 0)"
437,"[29.25, 13.5]","(0, 0)","[19.5, 21.0]","(0, 0)","[44.25, 16.5]","(0, 0)","[22.75, 13.5]","(0, 0)","(0, 0)","(0, 0)"
438,"[42.25, 9.0]","[26, 18.0]","[24, 21.0]","[44.25, 12.0]","[42.25, 15.0]","[15.25, 10.5]","[22.75, 12.0]","[47.5, 9.0]","(0, 0)","[19.5, 18.0]"
439,"[24, 6.0]","[26, 6.0]","[37.75, 21.0]","[44.25, 16.5]","[41.0, 15.0]","(0, 0)","(0, 0)","[24, 9.0]","(0, 0)","[31.25, 9.0]"
440,"[24, 9.0]","(0, 0)","[37.75, 6.0]","[35.75, 13.5]","[22.75, 16.5]","(0, 0)","[20.75, 12.0]","(0, 0)","(0, 0)","(0, 0)"
441,"[20.75, 12.0]","[20.75, 12.0]","[42.25, 9.0]","[32.5, 21.0]","(0, 0)","[41.0, 15.0]","(0, 0)","(0, 0)","[19.5, 21.0]","(0, 0)"
442,"(0, 0)","[24, 21.0]","[45.5, 10.5]","[32.5, 22.5]","(0, 0)","[24, 16.5]","(0, 0)","[26, 10.5]","(0, 0)","(0, 0)"
443,"(0, 0)","[24, 18.0]","[44.25, 12.0]","[28.0, 16.5]","[22.75, 15.0]","(0, 0)","[34.5, 16.5]","(0, 0)","(0, 0)","[19.5, 21.0]"
444,"[26, 6.0]","[44.25, 19.5]","[34.5, 12.0]","[28.0, 10.5]","(0, 0)","[41.0, 15.0]","[24, 18.0]","[24, 6.0]","(0, 0)","[24, 18.0]"
445,"[24, 9.0]","[44.25, 10.5]","[31.25, 9.0]","[20.75, 12.0]","[22.75, 15.0]","(0, 0)","[24, 9.0]","[24, 9.0]","[22.75, 15.0]","[32.5, 19.5]"
446,"(0, 0)","[48.75, 12.0]","(0, 0)","[19.5, 21.0]","(0, 0)","(0, 0)","[22.75, 10.5]","[24, 18.0]","[22.75, 19.5]","[34.5, 15.0]"
447,"[22.75, 12.0]","[41.0, 15.0]","(0, 0)","[15.25, 10.5]","(0, 0)","[32.5, 15.0]","[22.75, 12.0]","[20.75, 18.0]","[19.5, 21.0]","[35.75, 15.0]"
448,"[22.75, 22.5]","[26, 18.0]","(0, 0)","(0, 0)","[26, 16.5]","[32.5, 19.5]","[22.75, 15.0]","[37.75, 13.5]","[20.75, 21.0]","[45.5, 21.0]"
449,"[32.5, 21.0]","(0, 0)","[24, 21.0]","[22.75, 12.0]","[24, 18.0]","[31.25, 21.0]","[20.75, 12.0]","[42.25, 15.0]","[24, 16.5]","[42.25, 13.5]"
450,"[32.5, 12.0]","(0, 0)","[22.75, 19.5]","[24, 9.0]","[20.75, 18.0]","[26, 13.5]","[20.75, 10.5]","[50.75, 9.0]","[31.25, 21.0]","[26, 6.0]"
451,"[42.25, 9.0]","[20.75, 12.0]","[22.75, 18.0]","[37.75, 12.0]","(0, 0)","[22.75, 15.0]","(0, 0)","[26, 10.5]","[44.25, 19.5]","(0, 0)"
452,"[41.0, 15.0]","[22.75, 13.5]","[22.75, 15.0]","[50.75, 10.5]","[22.75, 6.0]","[19.5, 21.0]","[41.0, 10.5]","(0, 0)","[44.25, 9.0]","[22.75, 12.0]"
453,"[31.25, 12.0]","[24, 19.5]","[19.5, 21.0]","[44.25, 12.0]","[32.5, 6.0]","[20.75, 9.0]","[41.0, 18.0]","(0, 0)","[47.5, 6.0]","[19.5, 21.0]"
454,"[26, 6.0]","[26, 21.0]","[15.25, 10.5]","(0, 0)","[50.75, 9.0]","(0, 0)","[48.75, 16.5]","[24, 10.5]","[50.75, 9.0]","(0, 0)"
455,"(0, 0)","[29.25, 13.5]","(0, 0)","(0, 0)","[42.25, 12.0]","[35.75, 12.0]","[52.0, 13.5]","[47.5, 9.0]","[41.0, 9.0]","(0, 0)"
456,"(0, 0)","[41.0, 15.0]","[28.0, 9.0]","[42.25, 10.5]","[44.25, 21.0]","[44.25, 10.5]","[45.5, 16.5]","[47.5, 10.5]","(0, 0)","[26, 13.5]"
457,"[22.75, 12.0]","[42.25, 12.0]","[39.0, 9.0]","[44.25, 9.0]","[41.0, 16.5]","[52.0, 15.0]","[44.25, 18.0]","[48.75, 12.0]","[22.75, 15.0]","[26, 6.0]"
458,"[22.75, 13.5]","[37.75, 6.0]","[39.0, 10.5]","[45.5, 15.0]","[28.0, 16.5]","[41.0, 15.0]","[34.5, 16.5]","[32.5, 19.5]","(0, 0)","(0, 0)"
459,"[32.5, 22.5]","[28.0, 6.0]","[26, 16.5]","[41.0, 15.0]","[26, 16.5]","[32.5, 15.0]","(0, 0)","[26, 22.5]","(0, 0)","[19.5, 15.0]"
460,"[34.5, 12.0]","[24, 6.0]","[24, 21.0]","[19.5, 21.0]","(0, 0)","(0, 0)","(0, 0)","[26, 10.5]","[19.5, 21.0]","[19.5, 21.0]"
461,"[44.25, 6.0]","(0, 0)","(0, 0)","[19.5, 9.0]","(0, 0)","(0, 0)","[26, 12.0]","[19.5, 21.0]","[20.75, 22.5]","[15.25, 21.0]"
462,"[44.25, 10.5]","[20.75, 12.0]","(0, 0)","(0, 0)","[22.75, 15.0]","(0, 0)","[26, 6.0]","[22.75, 13.5]","[24, 13.5]","[31.25, 22.5]"
463,"[44.25, 21.0]","(0, 0)","[44.25, 9.0]","[20.75, 9.0]","[19.5, 21.0]","[24, 15.0]","[24, 9.0]","(0, 0)","[31.25, 22.5]","[34.5, 12.0]"
464,"[41.0, 15.0]","(0, 0)","[44.25, 10.5]","[20.75, 12.0]","[20.75, 18.0]","[32.5, 21.0]","[24, 18.0]","[24, 10.5]","[35.75, 21.0]","[35.75, 21.0]"
465,"[41.0, 10.5]","[26, 16.5]","[44.25, 22.5]","[22.75, 12.0]","[39.0, 19.5]","[26, 10.5]","[24, 19.5]","(0, 0)","[37.75, 21.0]","[41.0, 13.5]"
466,"[24, 9.0]","[41.0, 18.0]","[45.5, 19.5]","[22.75, 15.0]","[39.0, 18.0]","[26, 6.0]","[22.75, 13.5]","(0, 0)","[45.5, 22.5]","[44.25, 22.5]"
467,"[20.75, 12.0]","[41.0, 13.5]","[26, 13.5]","[26, 15.0]","[44.25, 22.5]","(0, 0)","[20.75, 12.0]","[22.75, 9.0]","[52.0, 13.5]","[26, 13.5]"
468,"(0, 0)","[24, 18.0]","[19.5, 21.0]","[28.0, 15.0]","[47.5, 9.0]","(0, 0)","(0, 0)","[24, 12.0]","[47.5, 10.5]","(0, 0)"
469,"[19.5, 12.0]","[22.75, 13.5]","[20.75, 9.0]","[28.0, 10.5]","[32.5, 6.0]","(0, 0)","[42.25, 10.5]","[24, 13.5]","[34.5, 12.0]","(0, 0)"
470,"[22.75, 12.0]","[19.5, 9.0]","(0, 0)","[42.25, 10.5]","(0, 0)","(0, 0)","[45.5, 10.5]","[19.5, 21.0]","(0, 0)","[44.25, 10.5]"
471,"(0, 0)","[15.25, 10.5]","[35.75, 10.5]","(0, 0)","[22.75, 15.0]","[26, 18.0]","[26, 12.0]","[26, 18.0]","[22.75, 13.5]","[44.25, 13.5]"
472,"(0, 0)","(0, 0)","[47.5, 6.0]","(0, 0)","(0, 0)","(0, 0)","(0, 0)","[34.5, 15.0]","[22.75, 15.0]","[44.25, 19.5]"
473,"[44.25, 19.5]","[20.75, 12.0]","[44.25, 9.0]","[42.25, 9.0]","(0, 0)","(0, 0)","(0, 0)","[39.0, 9.0]","[22.75, 16.5]","[45.5, 15.0]"
474,"[45.5, 22.5]","[26, 16.5]","(0, 0)","[44.25, 10.5]","[45.5, 10.5]","(0, 0)","[35.75, 22.5]","[47.5, 9.0]","[22.75, 19.5]","[37.75, 16.5]"
475,"[47.5, 22.5]","(0, 0)","(0, 0)","[44.25, 21.0]","[37.75, 6.0]","[19.5, 21.0]","(0, 0)","(0, 0)","[19.5, 21.0]","[26, 21.0]"
476,"[37.75, 13.5]","(0, 0)","[22.75, 6.0]","[45.5, 22.5]","[37.75, 13.5]","(0, 0)","[35.75, 22.5]","[22.75, 9.0]","(0, 0)","[22.75, 13.5]"
477,"[39.0, 9.0]","[45.5, 22.5]","[22.75, 12.0]","[45.5, 15.0]","[34.5, 15.0]","[39.0, 9.0]","(0, 0)","(0, 0)","(0, 0)","(0, 0)"
478,"[32.5, 9.0]","[45.5, 10.5]","[22.75, 21.0]","[47.5, 21.0]","[34.5, 12.0]","[45.5, 19.5]","(0, 0)","(0, 0)","[24, 12.0]","[28.0, 9.0]"
479,"(0, 0)","[42.25, 9.0]","[32.5, 19.5]","[52.0, 12.0]","[22.75, 12.0]","[29.25, 13.5]","[48.75, 10.5]","[39.0, 12.0]","[22.75, 15.0]","[32.5, 6.0]"
480,"[20.75, 12.0]","[32.5, 9.0]","[35.75, 12.0]","[35.75, 13.5]","[19.5, 21.0]","[19.5, 21.0]","[47.5, 12.0]","[47.5, 6.0]","[19.5, 21.0]","[39.0, 9.0]"
481,"[19.5, 21.0]","[31.25, 9.0]","[35.75, 9.0]","[32.5, 21.0]","[15.25, 21.0]","(0, 0)","[45.5, 19.5]","[47.5, 10.5]","[35.75, 21.0]","[44.25, 10.5]"
482,"[19.5, 18.0]","(0, 0)","[47.5, 12.0]","[24, 21.0]","[20.75, 12.0]","(0, 0)","[41.0, 13.5]","[47.5, 19.5]","[45.5, 13.5]","(0, 0)"
483,"[22.75, 15.0]","[19.5, 9.0]","[45.5, 10.5]","[19.5, 21.0]","(0, 0)","[15.25, 10.5]","[41.0, 21.0]","[41.0, 22.5]","[34.5, 9.0]","(0, 0)"
484,"[24, 16.5]","[19.5, 21.0]","[20.75, 6.0]","[22.75, 15.0]","[48.75, 12.0]","[19.5, 21.0]","[32.5, 18.0]","[35.75, 21.0]","(0, 0)","(0, 0)"
485,"[26, 15.0]","[28.0, 15.0]","[15.25, 6.0]","[22.75, 13.5]","[45.5, 10.5]","[19.5, 19.5]","[24, 21.0]","[26, 13.5]","[24, 12.0]","[26, 6.0]"
486,"[44.25, 19.5]","[34.5, 13.5]","(0, 0)","[22.75, 6.0]","(0, 0)","[26, 22.5]","[24, 13.5]","[22.75, 12.0]","(0, 0)","(0, 0)"
487,"(0, 0)","[44.25, 19.5]","[22.75, 6.0]","(0, 0)","(0, 0)","[31.25, 16.5]","[19.5, 21.0]","[22.75, 16.5]","(0, 0)","(0, 0)"
488,"(0, 0)","[44.25, 21.0]","(0, 0)","[37.75, 10.5]","[44.25, 22.5]","[44.25, 22.5]","[15.25, 10.5]","[20.75, 18.0]","[37.75, 15.0]","(0, 0)"
489,"[26, 15.0]","[52.0, 13.5]","(0, 0)","[42.25, 9.0]","[32.5, 19.5]","[39.0, 9.0]","(0, 0)","[20.75, 9.0]","[44.25, 21.0]","[28.0, 12.0]"
490,"[26, 22.5]","[45.5, 22.5]","[52.0, 9.0]","(0, 0)","[26, 22.5]","[35.75, 9.0]","[20.75, 10.5]","(0, 0)","[47.5, 10.5]","[28.0, 15.0]"
491,"[22.75, 16.5]","(0, 0)","[42.25, 16.5]","(0, 0)","[24, 18.0]","[20.75, 9.0]","[39.0, 12.0]","[34.5, 9.0]","[48.75, 12.0]","[28.0, 18.0]"
492,"[22.75, 13.5]","(0, 0)","[41.0, 21.0]","[20.75, 12.0]","[22.75, 13.5]","(0, 0)","[44.25, 12.0]","[39.0, 12.0]","[32.5, 12.0]","[35.75, 13.5]"
493,"[22.75, 12.0]","[34.5, 6.0]","[41.0, 15.0]","[19.5, 21.0]","[22.75, 15.0]","[15.25, 10.5]","[48.75, 10.5]","(0, 0)","[29.25, 10.5]","[47.5, 15.0]"
494,"(0, 0)","[34.5, 15.0]","[37.75, 21.0]","[22.75, 13.5]","[19.5, 21.0]","(0, 0)","(0, 0)","(0, 0)","(0, 0)","[39.0, 12.0]"
495,"[24, 12.0]","[35.75, 22.5]","[28.0, 13.5]","[26, 22.5]","[15.25, 10.5]","(0, 0)","(0, 0)","(0, 0)","[24, 6.0]","[29.25, 6.0]"
496,"[35.75, 10.5]","[32.5, 18.0]","[26, 15.0]","[28.0, 18.0]","(0, 0)","[52.0, 12.0]","[45.5, 10.5]","[22.75, 6.0]","[24, 9.0]","(0, 0)"
497,"[47.5, 9.0]","[24, 19.5]","[26, 22.5]","[32.5, 21.0]","[41.0, 9.0]","[47.5, 10.5]","[45.5, 22.5]","[22.75, 12.0]","[24, 12.0]","[20.75, 9.0]"
498,"[44.25, 16.5]","[19.5, 21.0]","[22.75, 12.0]","[32.5, 18.0]","[45.5, 12.0]","[47.5, 18.0]","[44.25, 15.0]","[41.0, 22.5]","[19.5, 21.0]","[19.5, 21.0]"
499,"[41.0, 13.5]","(0, 0)","(0, 0)","[45.5, 22.5]","[44.25, 22.5]","[26, 22.5]","[39.0, 15.0]","[41.0, 12.0]","[37.75, 15.0]","[24, 18.0]"
500,"[26, 15.0]","[34.5, 6.0]","[24, 9.0]","[48.75, 16.5]","(0, 0)","[19.5, 21.0]","[39.0, 9.0]","(0, 0)","(0, 0)","[26, 15.0]"
501,"(0, 0)","(0, 0)","[52.0, 9.0]","[47.5, 16.5]","(0, 0)","[20.75, 9.0]","[35.75, 10.5]","(0, 0)","(0, 0)","[26, 6.0]"
502,"(0, 0)","(0, 0)","(0, 0)","[42.25, 15.0]","[28.0, 16.5]","(0, 0)","[24, 10.5]","(0, 0)","[42.25, 18.0]","[28.0, 12.0]"
503,"[20.75, 10.5]","[20.75, 16.5]","(0, 0)","[24, 13.5]","[24, 19.5]","[24, 10.5]","(0, 0)","[20.75, 6.0]","[42.25, 16.5]","(0, 0)"
504,"[20.75, 12.0]","[22.75, 16.5]","[26, 16.5]","(0, 0)","[24, 16.5]","[24, 9.0]","[20.75, 9.0]","[20.75, 9.0]","[39.0, 12.0]","(0, 0)"
505,"[20.75, 13.5]","[22.75, 15.0]","[34.5, 15.0]","[20.75, 12.0]","[22.75, 13.5]","[42.25, 12.0]","[20.75, 22.5]","[20.75, 21.0]","[39.0, 9.0]","[24, 13.5]"
506,"[26, 13.5]","[22.75, 13.5]","[35.75, 15.0]","(0, 0)","[22.75, 12.0]","[52.0, 12.0]","[19.5, 21.0]","[22.75, 13.5]","(0, 0)","(0, 0)"
507,"[29.25, 18.0]","(0, 0)","[42.25, 13.5]","(0, 0)","(0, 0)","(0, 0)","[28.0, 16.5]","[31.25, 12.0]","[20.75, 9.0]","[24, 13.5]"
508,"[42.25, 15.0]","[24, 12.0]","[45.5, 10.5]","[20.75, 6.0]","[32.5, 6.0]","(0, 0)","[45.5, 10.5]","[47.5, 10.5]","[19.5, 21.0]","(0, 0)"
509,"[45.5, 13.5]","[31.25, 9.0]","[47.5, 9.0]","[20.75, 16.5]","[44.25, 22.5]","[26, 19.5]","(0, 0)","[50.75, 9.0]","[29.25, 13.5]","(0, 0)"
510,"[47.5, 10.5]","[39.0, 9.0]","(0, 0)","[24, 16.5]","[28.0, 16.5]","[24, 13.5]","(0, 0)","[42.25, 10.5]","[52.0, 13.5]","[47.5, 16.5]"
511,"[24, 6.0]","[39.0, 16.5]","[20.75, 6.0]","[28.0, 15.0]","(0, 0)","[19.5, 21.0]","[47.5, 9.0]","(0, 0)","[42.25, 18.0]","(0, 0)"
512,"(0, 0)","[47.5, 22.5]","[20.75, 10.5]","[37.75, 15.0]","(0, 0)","[20.75, 9.0]","[45.5, 15.0]","[20.75, 6.0]","(0, 0)","[47.5, 16.5]"
513,"[20.75, 10.5]","[44.25, 13.5]","[19.5, 21.0]","[42.25, 18.0]","[20.75, 9.0]","(0, 0)","[37.75, 13.5]","(0, 0)","(0, 0)","(0, 0)"
514,"(0, 0)","[32.5, 19.5]","[22.75, 13.5]","[44.25, 21.0]","[22.75, 13.5]","[35.75, 10.5]","(0, 0)","(0, 0)","[41.0, 15.0]","(0, 0)"
515,"(0, 0)","[20.75, 16.5]","[22.75, 15.0]","[52.0, 12.0]","[22.75, 15.0]","[35.75, 12.0]","[47.5, 9.0]","[20.75, 9.0]","[37.75, 21.0]","[19.5, 21.0]"
516,"[47.5, 10.5]","(0, 0)","[24, 13.5]","[39.0, 12.0]","[19.5, 21.0]","[41.0, 15.0]","(0, 0)","[24, 13.5]","[19.5, 15.0]","[20.75, 13.5]"
517,"[48.75, 12.0]","(0, 0)","[26, 16.5]","[34.5, 12.0]","[37.75, 21.0]","[42.25, 18.0]","(0, 0)","[24, 21.0]","[15.25, 12.0]","[20.75, 9.0]"
518,"[45.5, 19.5]","[22.75, 9.0]","(0, 0)","[22.75, 10.5]","[47.5, 18.0]","[45.5, 13.5]","[26, 19.5]","[22.75, 22.5]","(0, 0)","(0, 0)"
519,"[22.75, 18.0]","[28.0, 21.0]","(0, 0)","[19.5, 9.0]","[42.25, 15.0]","[44.25, 19.5]","[26, 22.5]","[32.5, 18.0]","[20.75, 12.0]","[26, 10.5]"
520,"[19.5, 21.0]","[31.25, 22.5]","[19.5, 21.0]","(0, 0)","[32.5, 6.0]","[34.5, 13.5]","[24, 21.0]","[35.75, 21.0]","[24, 19.5]","[26, 15.0]"
521,"[26, 12.0]","[48.75, 19.5]","[19.5, 18.0]","[20.75, 6.0]","[24, 9.0]","[26, 19.5]","[22.75, 13.5]","[45.5, 18.0]","[24, 12.0]","[47.5, 21.0]"
522,"[24, 9.0]","[48.75, 21.0]","[24, 19.5]","(0, 0)","(0, 0)","(0, 0)","(0, 0)","[48.75, 12.0]","[26, 6.0]","[45.5, 22.5]"
523,"(0, 0)","[47.5, 22.5]","[28.0, 22.5]","(0, 0)","[20.75, 9.0]","(0, 0)","[32.5, 12.0]","[26, 10.5]","[44.25, 10.5]","[44.25, 22.5]"
524,"[39.0, 9.0]","[47.5, 10.5]","[35.75, 21.0]","(0, 0)","(0, 0)","[20.75, 9.0]","[44.25, 10.5]","(0, 0)","[41.0, 15.0]","[32.5, 13.5]"
525,"[47.5, 10.5]","[47.5, 9.0]","[39.0, 15.0]","[26, 16.5]","(0, 0)","[19.5, 21.0]","[37.75, 13.5]","[20.75, 9.0]","(0, 0)","[19.5, 21.0]"
526,"(0, 0)","[52.0, 6.0]","[37.75, 16.5]","(0, 0)","[20.75, 9.0]","(0, 0)","[34.5, 15.0]","(0, 0)","(0, 0)","(0, 0)"
527,"(0, 0)","[41.0, 10.5]","[37.75, 13.5]","(0, 0)","[19.5, 21.0]","[20.75, 9.0]","[26, 19.5]","(0, 0)","[19.5, 21.0]","(0, 0)"
528,"[35.75, 22.5]","[39.0, 9.0]","[37.75, 10.5]","(0, 0)","[26, 18.0]","(0, 0)","(0, 0)","(0, 0)","(0, 0)","[45.5, 15.0]"
529,"[35.75, 21.0]","(0, 0)","[47.5, 10.5]","[26, 13.5]","[26, 15.0]","(0, 0)","(0, 0)","[22.75, 10.5]","[19.5, 21.0]","[47.5, 21.0]"
530,"[35.75, 19.5]","[22.75, 9.0]","[44.25, 10.5]","[26, 22.5]","[28.0, 16.5]","[22.75, 13.5]","(0, 0)","[24, 18.0]","(0, 0)","[44.25, 15.0]"
531,"[35.75, 13.5]","(0, 0)","[26, 6.0]","[19.5, 21.0]","[42.25, 15.0]","[19.5, 21.0]","[22.75, 12.0]","[24, 19.5]","(0, 0)","[41.0, 15.0]"
532,"[44.25, 22.5]","(0, 0)","(0, 0)","[24, 19.5]","[44.25, 21.0]","[20.75, 13.5]","[22.75, 15.0]","[26, 21.0]","[20.75, 9.0]","[28.0, 21.0]"
533,"[42.25, 18.0]","[20.75, 9.0]","[22.75, 12.0]","[24, 6.0]","[47.5, 10.5]","[20.75, 9.0]","[19.5, 21.0]","[26, 15.0]","[20.75, 22.5]","[20.75, 22.5]"
534,"[42.25, 12.0]","[19.5, 21.0]","[19.5, 21.0]","[22.75, 6.0]","[22.75, 10.5]","(0, 0)","[41.0, 15.0]","[47.5, 13.5]","[19.5, 21.0]","[20.75, 9.0]"
535,"[24, 6.0]","[24, 21.0]","(0, 0)","(0, 0)","(0, 0)","[15.25, 10.5]","[41.0, 13.5]","[41.0, 10.5]","[19.5, 18.0]","(0, 0)"
536,"(0, 0)","[24, 22.5]","(0, 0)","[44.25, 9.0]","[20.75, 9.0]","[50.75, 13.5]","[42.25, 15.0]","(0, 0)","[22.75, 15.0]","[48.75, 6.0]"
537,"[20.75, 9.0]","[44.25, 16.5]","[45.5, 22.5]","[26, 13.5]","(0, 0)","[22.75, 13.5]","[45.5, 18.0]","(0, 0)","[26, 18.0]","[45.5, 15.0]"
538,"[20.75, 10.5]","[47.5, 22.5]","(0, 0)","(0, 0)","(0, 0)","(0, 0)","[48.75, 12.0]","(0, 0)","[28.0, 15.0]","(0, 0)"
539,"[19.5, 21.0]","[45.5, 13.5]","[45.5, 22.5]","(0, 0)","(0, 0)","(0, 0)","(0, 0)","[19.5, 16.5]","[42.25, 13.5]","(0, 0)"
540,"[28.0, 13.5]","[48.75, 6.0]","(0, 0)","(0, 0)","[20.75, 10.5]","[42.25, 9.0]","(0, 0)","[32.5, 18.0]","[45.5, 22.5]","(0, 0)"
541,"[35.75, 22.5]","[52.0, 6.0]","(0, 0)","[19.5, 12.0]","(0, 0)","(0, 0)","(0, 0)","[26, 6.0]","[44.25, 10.5]","[44.25, 16.5]"
542,"(0, 0)","[39.0, 9.0]","[20.75, 12.0]","(0, 0)","(0, 0)","[42.25, 9.0]","[29.25, 13.5]","(0, 0)","[41.0, 10.5]","(0, 0)"
543,"(0, 0)","(0, 0)","(0, 0)","(0, 0)","(0, 0)","(0, 0)","[28.0, 18.0]","[19.5, 16.5]","[39.0, 9.0]","(0, 0)"
544,"[47.5, 10.5]","[20.75, 9.0]","[20.75, 12.0]","(0, 0)","[24, 12.0]","(0, 0)","[20.75, 21.0]","(0, 0)","[37.75, 12.0]","(0, 0)"
545,"[45.5, 10.5]","(0, 0)","(0, 0)","[22.75, 12.0]","(0, 0)","[41.0, 21.0]","[20.75, 12.0]","(0, 0)","[24, 10.5]","[41.0, 13.5]"
546,"[35.75, 12.0]","(0, 0)","(0, 0)","(0, 0)","[24, 12.0]","[19.5, 21.0]","[20.75, 9.0]","[19.5, 21.0]","(0, 0)","[31.25, 9.0]"
547,"[32.5, 22.5]","[22.75, 12.0]","[45.5, 16.5]","[22.75, 12.0]","(0, 0)","(0, 0)","(0, 0)","[20.75, 22.5]","[20.75, 9.0]","[31.25, 18.0]"
548,"[32.5, 21.0]","[22.75, 13.5]","[47.5, 10.5]","(0, 0)","(0, 0)","[41.0, 21.0]","[22.75, 12.0]","[22.75, 13.5]","(0, 0)","[19.5, 21.0]"
549,"[28.0, 21.0]","[19.5, 21.0]","[31.25, 6.0]","(0, 0)","[47.5, 10.5]","(0, 0)","[45.5, 10.5]","[22.75, 18.0]","(0, 0)","[19.5, 18.0]"
550,"[24, 16.5]","[24, 21.0]","[31.25, 16.5]","(0, 0)","[45.5, 16.5]","(0, 0)","[41.0, 21.0]","[26, 19.5]","[50.75, 13.5]","[22.75, 13.5]"
551,"[19.5, 21.0]","[24, 19.5]","[24, 19.5]","[20.75, 9.0]","[32.5, 22.5]","[42.25, 13.5]","[39.0, 16.5]","[26, 15.0]","[41.0, 19.5]","[20.75, 9.0]"
552,"[22.75, 12.0]","[24, 13.5]","[24, 9.0]","[20.75, 12.0]","[15.25, 10.5]","[41.0, 15.0]","[29.25, 13.5]","[35.75, 21.0]","[32.5, 18.0]","(0, 0)"
553,"(0, 0)","[24, 9.0]","[20.75, 9.0]","[22.75, 15.0]","(0, 0)","[41.0, 18.0]","(0, 0)","[37.75, 21.0]","[19.5, 21.0]","[52.0, 10.5]"
554,"[47.5, 10.5]","[31.25, 13.5]","[20.75, 12.0]","[24, 18.0]","[20.75, 9.0]","[26, 22.5]","(0, 0)","[47.5, 16.5]","[20.75, 9.0]","[41.0, 13.5]"
555,"(0, 0)","[37.75, 18.0]","(0, 0)","[24, 21.0]","[47.5, 10.5]","[20.75, 22.5]","[22.75, 10.5]","[44.25, 9.0]","(0, 0)","(0, 0)"
556,"(0, 0)","[37.75, 13.5]","[22.75, 12.0]","[26, 22.5]","(0, 0)","[22.75, 15.0]","[26, 22.5]","[24, 6.0]","[47.5, 10.5]","(0, 0)"
557,"[20.75, 9.0]","[37.75, 6.0]","[22.75, 13.5]","[28.0, 15.0]","(0, 0)","[24, 13.5]","[35.75, 16.5]","[20.75, 9.0]","[50.75, 13.5]","[22.75, 6.0]"
558,"(0, 0)","[50.75, 6.0]","[45.5, 16.5]","[29.25, 13.5]","(0, 0)","(0, 0)","[47.5, 21.0]","(0, 0)","(0, 0)","(0, 0)"
559,"[20.75, 9.0]","(0, 0)","(0, 0)","[37.75, 15.0]","[35.75, 13.5]","[34.5, 12.0]","[44.25, 9.0]","[15.25, 10.5]","(0, 0)","[22.75, 6.0]"
560,"(0, 0)","[22.75, 12.0]","(0, 0)","[47.5, 21.0]","(0, 0)","[37.75, 6.0]","[48.75, 6.0]","[19.5, 21.0]","[24, 10.5]","(0, 0)"
561,"(0, 0)","(0, 0)","(0, 0)","[45.5, 12.0]","(0, 0)","[50.75, 9.0]","[24, 6.0]","(0, 0)","[24, 6.0]","(0, 0)"
562,"[34.5, 9.0]","(0, 0)","[20.75, 6.0]","[44.25, 12.0]","(0, 0)","[42.25, 13.5]","(0, 0)","(0, 0)","[26, 10.5]","[44.25, 22.5]"
563,"[39.0, 9.0]","[42.25, 10.5]","[20.75, 18.0]","(0, 0)","[42.25, 10.5]","(0, 0)","[22.75, 10.5]","(0, 0)","[37.75, 12.0]","(0, 0)"
564,"[52.0, 10.5]","[45.5, 21.0]","[20.75, 22.5]","(0, 0)","[42.25, 18.0]","(0, 0)","(0, 0)","[45.5, 19.5]","[44.25, 12.0]","[44.25, 22.5]"
565,"[45.5, 18.0]","[45.5, 16.5]","[34.5, 15.0]","(0, 0)","[48.75, 22.5]","(0, 0)","(0, 0)","(0, 0)","[44.25, 16.5]","(0, 0)"
566,"[41.0, 19.5]","[45.5, 15.0]","[39.0, 18.0]","[15.25, 6.0]","[32.5, 22.5]","[28.0, 9.0]","[24, 6.0]","(0, 0)","[52.0, 13.5]","(0, 0)"
567,"[32.5, 15.0]","[44.25, 21.0]","[52.0, 9.0]","(0, 0)","[32.5, 19.5]","[32.5, 6.0]","[20.75, 9.0]","(0, 0)","[42.25, 18.0]","[41.0, 10.5]"
568,"[19.5, 21.0]","[26, 22.5]","[26, 10.5]","[20.75, 9.0]","[26, 22.5]","[48.75, 10.5]","(0, 0)","[22.75, 6.0]","[41.0, 18.0]","[42.25, 18.0]"
569,"[20.75, 18.0]","[20.75, 22.5]","(0, 0)","[41.0, 22.5]","[24, 15.0]","[52.0, 6.0]","[22.75, 13.5]","[22.75, 16.5]","[28.0, 15.0]","[28.0, 13.5]"
570,"[20.75, 10.5]","[22.75, 21.0]","(0, 0)","[15.25, 6.0]","[24, 10.5]","[31.25, 12.0]","[22.75, 15.0]","[19.5, 21.0]","[22.75, 21.0]","[26, 22.5]"
571,"(0, 0)","[24, 19.5]","(0, 0)","(0, 0)","[20.75, 9.0]","[26, 22.5]","[19.5, 21.0]","[15.25, 21.0]","[22.75, 15.0]","[26, 15.0]"
572,"[22.75, 13.5]","[24, 13.5]","(0, 0)","(0, 0)","[20.75, 18.0]","[24, 12.0]","[45.5, 22.5]","[24, 18.0]","[15.25, 21.0]","[22.75, 13.5]"
573,"[22.75, 10.5]","[24, 12.0]","[22.75, 15.0]","[44.25, 9.0]","[19.5, 21.0]","(0, 0)","[32.5, 18.0]","[28.0, 18.0]","[20.75, 12.0]","[15.25, 10.5]"
574,"[34.5, 9.0]","[24, 6.0]","(0, 0)","[39.0, 19.5]","[19.5, 18.0]","(0, 0)","[31.25, 16.5]","[37.75, 16.5]","(0, 0)","(0, 0)"
575,"(0, 0)","[22.75, 6.0]","(0, 0)","[19.5, 21.0]","[15.25, 12.0]",,"[24, 6.0]","[41.0, 18.0]","[24, 10.5]","[34.5, 12.0]"
576,"(0, 0)","(0, 0)","(0, 0)","[20.75, 9.0]","(0, 0)",,"(0, 0)","[44.25, 22.5]","(0, 0)","[41.0, 10.5]"
577,"[41.0, 15.0]","[28.0, 12.0]","[35.75, 9.0]","(0, 0)","[52.0, 6.0]",,"(0, 0)","[44.25, 13.5]","(0, 0)","(0, 0)"
578,"[44.25, 21.0]","[42.25, 10.5]","[31.25, 6.0]","[44.25, 9.0]","[42.25, 10.5]",,"[31.25, 22.5]","[48.75, 12.0]","[19.5, 21.0]","(0, 0)"
579,"[44.25, 10.5]","(0, 0)","[31.25, 16.5]","(0, 0)","(0, 0)",,"[26, 19.5]","[47.5, 10.5]","[20.75, 6.0]","[20.75, 10.5]"
580,"[39.0, 9.0]","(0, 0)","[24, 18.0]","(0, 0)","(0, 0)",,"[26, 15.0]","[39.0, 12.0]","(0, 0)","[41.0, 10.5]"
581,"[29.25, 6.0]","[20.75, 12.0]","[22.75, 21.0]","[22.75, 15.0]","[24, 6.0]",,"[26, 10.5]","[20.75, 9.0]","[19.5, 21.0]","[41.0, 15.0]"
582,"(0, 0)","[20.75, 10.5]","[22.75, 15.0]","[19.5, 21.0]","[24, 16.5]",,"[22.75, 9.0]","(0, 0)","(0, 0)","[44.25, 21.0]"
583,"[20.75, 9.0]","[20.75, 9.0]","[19.5, 21.0]","[32.5, 19.5]","[24, 18.0]",,"[20.75, 9.0]","[22.75, 6.0]","(0, 0)","[44.25, 12.0]"
584,"[22.75, 21.0]","[20.75, 6.0]","[20.75, 9.0]","[35.75, 22.5]","[26, 15.0]",,"[20.75, 6.0]","(0, 0)","[45.5, 22.5]","[47.5, 22.5]"
585,"[24, 19.5]","(0, 0)","(0, 0)","[45.5, 18.0]","(0, 0)",,"(0, 0)","(0, 0)","(0, 0)","[42.25, 15.0]"
586,"[24, 18.0]","[22.75, 12.0]","[44.25, 9.0]","[41.0, 22.5]","[24, 6.0]",,"[19.5, 13.5]","(0, 0)","[45.5, 22.5]","[35.75, 21.0]"
587,"[28.0, 16.5]","[22.75, 13.5]","[48.75, 6.0]","[41.0, 10.5]","(0, 0)",,"[15.25, 21.0]","[20.75, 9.0]","(0, 0)","[26, 22.5]"
588,"[41.0, 15.0]","[22.75, 15.0]","[48.75, 9.0]","[42.25, 6.0]","(0, 0)",,"[44.25, 16.5]","[19.5, 21.0]","(0, 0)","[26, 9.0]"
589,"(0, 0)","[41.0, 19.5]","[52.0, 12.0]","[26, 9.0]","[22.75, 6.0]",,"[52.0, 13.5]","[24, 19.5]","[31.25, 16.5]","[22.75, 10.5]"
590,"(0, 0)","[41.0, 15.0]","[45.5, 21.0]","[24, 10.5]","(0, 0)",,"[31.25, 22.5]","[24, 16.5]","(0, 0)","(0, 0)"
591,"(0, 0)","[45.5, 16.5]","[44.25, 21.0]","[20.75, 9.0]","[20.75, 9.0]",,"(0, 0)","[41.0, 15.0]","[31.25, 16.5]","[20.75, 10.5]"
592,"[15.25, 10.5]","[47.5, 10.5]","[39.0, 16.5]","(0, 0)","[19.5, 21.0]",,"(0, 0)","[47.5, 10.5]","(0, 0)","(0, 0)"
593,"[19.5, 21.0]","[31.25, 12.0]","[35.75, 9.0]","[22.75, 15.0]","[15.25, 21.0]",,"[45.5, 13.5]","[29.25, 10.5]","(0, 0)",
594,"[19.5, 19.5]","[31.25, 13.5]","(0, 0)","(0, 0)","[24, 19.5]",,"[45.5, 15.0]","(0, 0)","(0, 0)",
595,"[22.75, 15.0]","[20.75, 12.0]","(0, 0)","(0, 0)","[28.0, 15.0]",,"[47.5, 21.0]","(0, 0)","[22.75, 13.5]",
596,"[22.75, 13.5]","(0, 0)","[20.75, 9.0]","[42.25, 9.0]","[34.5, 13.5]",,"[37.75, 19.5]","(0, 0)","[32.5, 18.0]",
597,"[28.0, 15.0]","(0, 0)","[20.75, 22.5]","[42.25, 12.0]","[35.75, 22.5]",,"[37.75, 13.5]","(0, 0)","[20.75, 9.0]",
598,"[35.75, 18.0]","[20.75, 6.0]","[28.0, 18.0]","[45.5, 22.5]","[44.25, 16.5]",,"[26, 22.5]","[44.25, 22.5]","(0, 0)",
599,"[41.0, 22.5]","[24, 6.0]","[31.25, 16.5]","[22.75, 12.0]","[50.75, 9.0]",,"[22.75, 15.0]","(0, 0)","(0, 0)",
600,"[45.5, 22.5]","[24, 9.0]","[34.5, 21.0]","[22.75, 15.0]","[52.0, 6.0]",,"[20.75, 13.5]","(0, 0)","(0, 0)",
601,"[47.5, 13.5]","[24, 19.5]","[35.75, 21.0]","[19.5, 21.0]","[22.75, 6.0]",,"[20.75, 9.0]","(0, 0)","(0, 0)",
602,"[39.0, 9.0]","[22.75, 13.5]","[35.75, 10.5]","[20.75, 21.0]","(0, 0)",,"(0, 0)","[26, 22.5]","[20.75, 9.0]",
603,"[26, 6.0]","[45.5, 22.5]","[41.0, 13.5]","[20.75, 9.0]","(0, 0)",,"[32.5, 10.5]","(0, 0)","[24, 12.0]",
604,"(0, 0)","[45.5, 15.0]","[44.25, 16.5]","(0, 0)","(0, 0)",,"[45.5, 13.5]","[26, 22.5]","[26, 13.5]",
605,"(0, 0)","[47.5, 21.0]","[29.25, 13.5]","[15.25, 10.5]","[15.25, 6.0]",,"(0, 0)","(0, 0)","[28.0, 18.0]",
606,"(0, 0)","[47.5, 10.5]","[26, 9.0]","[42.25, 9.0]","[15.25, 21.0]",,"(0, 0)","(0, 0)","[32.5, 21.0]",
607,"(0, 0)","[42.25, 10.5]","[24, 10.5]","(0, 0)","[19.5, 18.0]",,"[32.5, 12.0]","[32.5, 6.0]","[34.5, 15.0]",
608,"[29.25, 13.5]","[39.0, 9.0]","(0, 0)","(0, 0)","[19.5, 21.0]",,"[29.25, 6.0]","[32.5, 18.0]","[41.0, 15.0]",
609,"(0, 0)","(0, 0)","[20.75, 9.0]","[19.5, 16.5]","[24, 15.0]",,"[20.75, 6.0]","[35.75, 19.5]","[47.5, 19.5]",
610,"(0, 0)","[20.75, 6.0]","(0, 0)","[15.25, 21.0]","[34.5, 15.0]",,"[20.75, 9.0]","[35.75, 21.0]","[31.25, 12.0]",
611,"(0, 0)","(0, 0)","(0, 0)","[22.75, 15.0]","[20.75, 9.0]",,"(0, 0)","[45.5, 22.5]","[22.75, 12.0]",
612,"[32.5, 21.0]","(0, 0)","[44.25, 12.0]","[22.75, 10.5]","(0, 0)",,"[24, 13.5]","[44.25, 22.5]","(0, 0)",
613,"[32.5, 16.5]","[35.75, 9.0]","[41.0, 22.5]","[20.75, 9.0]","(0, 0)",,"[24, 15.0]","[44.25, 10.5]","(0, 0)",
614,"[35.75, 21.0]","(0, 0)","[32.5, 22.5]","(0, 0)","(0, 0)",,"[19.5, 21.0]","[39.0, 15.0]","(0, 0)",
615,"[31.25, 16.5]","[24, 13.5]","[32.5, 16.5]","[24, 12.0]","(0, 0)",,"[41.0, 15.0]","[34.5, 15.0]","[24, 13.5]",
616,"[26, 22.5]","[35.75, 9.0]","[24, 13.5]","[24, 18.0]","[19.5, 21.0]",,"[47.5, 10.5]","[22.75, 15.0]","[22.75, 21.0]",
617,"[22.75, 18.0]","(0, 0)","[22.75, 21.0]","[34.5, 18.0]","[22.75, 18.0]",,"[32.5, 12.0]","[19.5, 21.0]","[20.75, 16.5]",
618,"[22.75, 13.5]","(0, 0)","[19.5, 21.0]","[19.5, 16.5]","[22.75, 21.0]",,"(0, 0)","[15.25, 10.5]","[20.75, 9.0]",
619,"[22.75, 12.0]","[26, 13.5]","[20.75, 16.5]","(0, 0)","[24, 21.0]",,"(0, 0)","[15.25, 6.0]","(0, 0)",
620,"(0, 0)","[37.75, 21.0]","[20.75, 9.0]","(0, 0)","[26, 22.5]",,"(0, 0)","(0, 0)","[48.75, 9.0]",
621,"[20.75, 12.0]","[20.75, 9.0]","(0, 0)","[22.75, 6.0]","[28.0, 15.0]",,"[20.75, 6.0]","[32.5, 6.0]","[41.0, 13.5]",
622,"[20.75, 21.0]","(0, 0)","[52.0, 9.0]","(0, 0)","[32.5, 18.0]",,"[24, 6.0]","(0, 0)","[41.0, 16.5]",
623,"[32.5, 21.0]","[26, 13.5]","[44.25, 12.0]","[15.25, 6.0]","[42.25, 18.0]",,"[24, 9.0]","(0, 0)","[39.0, 19.5]",
624,"(0, 0)","(0, 0)","(0, 0)","[19.5, 21.0]","[45.5, 15.0]",,"[24, 18.0]","[20.75, 9.0]","[24, 13.5]",
625,"(0, 0)","(0, 0)","(0, 0)","[24, 22.5]","[45.5, 10.5]",,"[24, 19.5]","[20.75, 10.5]","(0, 0)",
626,"[26, 6.0]","(0, 0)","[19.5, 18.0]","[26, 22.5]","[35.75, 9.0]",,"[22.75, 21.0]","[20.75, 21.0]",,
627,"(0, 0)","[20.75, 9.0]","[19.5, 21.0]","[28.0, 15.0]","[29.25, 10.5]",,"[19.5, 21.0]","[44.25, 15.0]",,
628,"[20.75, 9.0]","[20.75, 21.0]","[22.75, 15.0]","[32.5, 18.0]","[26, 6.0]",,"[45.5, 19.5]","[44.25, 21.0]",,
629,"[32.5, 18.0]","[19.5, 21.0]","[26, 22.5]","[35.75, 13.5]","(0, 0)",,"[45.5, 12.0]","[45.5, 22.5]",,
630,"[34.5, 15.0]","[15.25, 21.0]","[35.75, 18.0]","[41.0, 15.0]","(0, 0)",,"[32.5, 9.0]","[47.5, 13.5]",,
631,"[50.75, 12.0]","[22.75, 21.0]","[41.0, 19.5]","[44.25, 9.0]","(0, 0)",,"(0, 0)","[47.5, 10.5]",,
632,"[26, 6.0]","[31.25, 21.0]","[41.0, 15.0]","[52.0, 10.5]","(0, 0)",,"(0, 0)","[24, 10.5]",,
633,"(0, 0)","[34.5, 15.0]","[41.0, 22.5]","[47.5, 9.0]","[22.75, 6.0]",,"(0, 0)","[22.75, 6.0]",,
634,"(0, 0)","[35.75, 13.5]","[45.5, 18.0]","[39.0, 9.0]","[22.75, 10.5]",,"[24, 13.5]","(0, 0)",,
635,"[32.5, 18.0]","[44.25, 22.5]","[45.5, 22.5]","[22.75, 6.0]","[22.75, 15.0]",,"[22.75, 18.0]","[20.75, 9.0]",,
636,"[37.75, 21.0]","[45.5, 13.5]","[42.25, 9.0]","(0, 0)","[19.5, 21.0]",,"[15.25, 10.5]","(0, 0)",,
637,"[41.0, 10.5]","[48.75, 9.0]","[39.0, 10.5]","(0, 0)","[26, 22.5]",,"(0, 0)","(0, 0)",,
638,"[15.25, 6.0]","[39.0, 9.0]","[20.75, 9.0]","[41.0, 10.5]","[39.0, 18.0]",,"[24, 13.5]","(0, 0)",,
639,"(0, 0)","[37.75, 6.0]","(0, 0)","[41.0, 18.0]","[45.5, 22.5]",,"(0, 0)","[47.5, 22.5]",,
640,"[22.75, 10.5]","[32.5, 9.0]","[19.5, 6.0]","[48.75, 21.0]","[44.25, 12.0]",,"(0, 0)","[48.75, 6.0]",,
641,"[19.5, 21.0]","(0, 0)","[19.5, 18.0]","[50.75, 9.0]","[47.5, 9.0]",,"(0, 0)","(0, 0)",,
642,"[32.5, 18.0]","(0, 0)","(0, 0)","[34.5, 9.0]","[47.5, 10.5]",,"[22.75, 10.5]","(0, 0)",,
643,"(0, 0)","(0, 0)","(0, 0)","[24, 10.5]","[29.25, 6.0]",,"(0, 0)",,,
644,"(0, 0)","[19.5, 21.0]","[22.75, 21.0]","[20.75, 9.0]","[28.0, 9.0]",,"(0, 0)",,,
645,"(0, 0)","[26, 22.5]","(0, 0)","(0, 0)","(0, 0)",,"(0, 0)",,,
646,"[19.5, 21.0]","[39.0, 12.0]","[22.75, 21.0]","[15.25, 10.5]","(0, 0)",,"[47.5, 12.0]",,,
647,"(0, 0)","[41.0, 10.5]","(0, 0)","[19.5, 21.0]","(0, 0)",,"[41.0, 18.0]",,,
648,"(0, 0)","[41.0, 15.0]","(0, 0)","[22.75, 15.0]","[22.75, 6.0]",,"[41.0, 13.5]",,,
649,"(0, 0)","[42.25, 16.5]","(0, 0)","[26, 10.5]","[24, 6.0]",,"[32.5, 19.5]",,,
650,"[47.5, 18.0]","[48.75, 12.0]","[20.75, 9.0]","[41.0, 10.5]","[24, 13.5]",,"[32.5, 22.5]",,,
651,"[45.5, 22.5]","[45.5, 10.5]","[26, 10.5]","(0, 0)","[24, 16.5]",,"[26, 19.5]",,,
652,"[44.25, 15.0]","[22.75, 6.0]","[26, 21.0]","(0, 0)","[19.5, 19.5]",,"[20.75, 21.0]",,,
653,"[32.5, 15.0]","(0, 0)","[44.25, 10.5]","[22.75, 15.0]","[15.25, 21.0]",,"[19.5, 9.0]",,,
654,"[32.5, 18.0]","[19.5, 21.0]","[48.75, 9.0]","[19.5, 21.0]","[47.5, 21.0]",,"(0, 0)",,,
655,"[22.75, 15.0]","(0, 0)","(0, 0)","[26, 22.5]","[41.0, 13.5]",,"[47.5, 12.0]",,,
656,"[22.75, 10.5]","(0, 0)","(0, 0)","[28.0, 15.0]","[31.25, 6.0]",,"(0, 0)",,,
657,"(0, 0)","(0, 0)","(0, 0)","[31.25, 16.5]","(0, 0)",,"(0, 0)",,,
658,"[20.75, 9.0]","[20.75, 9.0]","[22.75, 21.0]","[34.5, 15.0]","[22.75, 6.0]",,"(0, 0)",,,
659,"[20.75, 16.5]","[20.75, 15.0]","[22.75, 18.0]","[47.5, 13.5]","(0, 0)",,"[24, 10.5]",,,
660,"[19.5, 21.0]","[20.75, 22.5]","[24, 16.5]","[45.5, 10.5]","(0, 0)",,"[24, 12.0]",,,
661,"[28.0, 18.0]","[19.5, 21.0]","[24, 21.0]","[32.5, 6.0]","[24, 21.0]",,"[20.75, 16.5]",,,
662,"[34.5, 15.0]","[19.5, 19.5]","[26, 22.5]","(0, 0)","[26, 22.5]",,"[26, 15.0]",,,
663,"[34.5, 12.0]","[32.5, 19.5]","[32.5, 18.0]","[22.75, 15.0]","[37.75, 21.0]",,"[28.0, 18.0]",,,
664,"[47.5, 18.0]","[34.5, 16.5]","[39.0, 9.0]","(0, 0)","[42.25, 16.5]",,"[41.0, 15.0]",,,
665,"(0, 0)","[37.75, 21.0]","[31.25, 6.0]","(0, 0)","[45.5, 13.5]",,"[41.0, 10.5]",,,
666,"(0, 0)","[41.0, 15.0]","[20.75, 6.0]","[39.0, 9.0]","[39.0, 10.5]",,"[44.25, 10.5]",,,
667,"[24, 9.0]","[45.5, 10.5]","(0, 0)","[41.0, 10.5]","[26, 6.0]",,"(0, 0)",,,
668,"[24, 10.5]","[47.5, 10.5]","[15.25, 21.0]","[45.5, 13.5]","(0, 0)",,"(0, 0)",,,
669,"[24, 13.5]","[24, 6.0]","[22.75, 21.0]","[47.5, 21.0]","[24, 9.0]",,,,,
670,"[19.5, 21.0]","[22.75, 12.0]","(0, 0)","[48.75, 13.5]","[24, 10.5]",,,,,
671,"[22.75, 13.5]","(0, 0)","(0, 0)","[26, 16.5]","[24, 21.0]",,,,,
672,"[26, 22.5]","(0, 0)","[37.75, 21.0]","[24, 13.5]","(0, 0)",,,,,
673,"[26, 10.5]","(0, 0)","[35.75, 19.5]","(0, 0)",,,,,,
674,"[34.5, 9.0]","(0, 0)","[34.5, 18.0]","[39.0, 9.0]",,,,,,
675,"[34.5, 12.0]","[20.75, 12.0]","[29.25, 13.5]","(0, 0)",,,,,,
676,"[34.5, 15.0]","[19.5, 21.0]","[26, 22.5]","(0, 0)",,,,,,
677,"[34.5, 16.5]","[32.5, 22.5]","[22.75, 19.5]","[41.0, 13.5]",,,,,,
678,"[44.25, 22.5]","[35.75, 19.5]","[24, 13.5]","[41.0, 15.0]",,,,,,
679,"[44.25, 16.5]","[37.75, 13.5]","[24, 9.0]","[32.5, 18.0]",,,,,,
680,"[41.0, 12.0]","[41.0, 13.5]","[20.75, 9.0]","[31.25, 16.5]",,,,,,
681,"[37.75, 9.0]","[44.25, 9.0]","(0, 0)","[22.75, 21.0]",,,,,,
682,"(0, 0)","(0, 0)","[52.0, 9.0]","[15.25, 21.0]",,,,,,
683,"[24, 9.0]","(0, 0)","[47.5, 10.5]","[20.75, 12.0]",,,,,,
684,"(0, 0)","(0, 0)","[41.0, 16.5]","(0, 0)",,,,,,
685,"(0, 0)","(0, 0)","[37.75, 21.0]","[24, 6.0]",,,,,,
686,"(0, 0)","[22.75, 12.0]","(0, 0)","[26, 6.0]",,,,,,
687,"[20.75, 10.5]","(0, 0)",,"[26, 13.5]",,,,,,
688,"(0, 0)","(0, 0)",,"[52.0, 6.0]",,,,,,
689,"(0, 0)","(0, 0)",,"[41.0, 13.5]",,,,,,
690,"(0, 0)","[31.25, 16.5]",,"(0, 0)",,,,,,
691,"(0, 0)","[26, 22.5]",,,,,,,,
692,"[20.75, 10.5]","[26, 10.5]",,,,,,,,
693,"(0, 0)","(0, 0)",,,,,,,,
694,"(0, 0)","[15.25, 6.0]",,,,,,,,
695,"(0, 0)","[19.5, 21.0]",,,,,,,,
696,"[19.5, 21.0]","[24, 18.0]",,,,,,,,
697,"[24, 13.5]","[44.25, 19.5]",,,,,,,,
698,"(0, 0)","[31.25, 16.5]",,,,,,,,
699,"[19.5, 21.0]","(0, 0)",,,,,,,,
700,"(0, 0)","(0, 0)",,,,,,,,
701,"(0, 0)","[41.0, 15.0]",,,,,,,,
702,"[28.0, 16.5]","[41.0, 19.5]",,,,,,,,
703,"[24, 21.0]","[35.75, 19.5]",,,,,,,,
704,"[24, 9.0]","[34.5, 16.5]",,,,,,,,
705,"(0, 0)","[31.25, 16.5]",,,,,,,,
706,"[22.75, 15.0]","[28.0, 16.5]",,,,,,,,
707,"[45.5, 15.0]","[26, 19.5]",,,,,,,,
708,"[28.0, 16.5]","[24, 19.5]",,,,,,,,
709,"(0, 0)","[20.75, 9.0]",,,,,,,,
710,"(0, 0)","(0, 0)",,,,,,,,
711,"[24, 10.5]","[41.0, 15.0]",,,,,,,,
712,"[24, 16.5]","(0, 0)",,,,,,,,
713,"[19.5, 16.5]","(0, 0)",,,,,,,,
714,"[20.75, 22.5]","[20.75, 18.0]",,,,,,,,
715,"[20.75, 9.0]","[20.75, 9.0]",,,,,,,,
716,"(0, 0)","(0, 0)",,,,,,,,
717,"[22.75, 13.5]","[28.0, 6.0]",,,,,,,,
718,"[28.0, 18.0]","[28.0, 15.0]",,,,,,,,
719,"[35.75, 21.0]","[28.0, 21.0]",,,,,,,,
720,"[44.25, 21.0]","[32.5, 21.0]",,,,,,,,
721,"[47.5, 21.0]","[45.5, 15.0]",,,,,,,,
722,"[45.5, 12.0]","[41.0, 16.5]",,,,,,,,
723,"[32.5, 9.0]","[41.0, 10.5]",,,,,,,,
724,"[24, 10.5]","[42.25, 9.0]",,,,,,,,
725,"(0, 0)","[34.5, 9.0]",,,,,,,,
726,,"[22.75, 18.0]",,,,,,,,
727,,"[20.75, 18.0]",,,,,,,,
728,,"(0, 0)",,,,,,,,
